N. Luggage,N. PeopleScan,N. Inspect,Verif. Luggage,Inspec. Luggage,Scan Person,Cap. Luggage,Prob. Irregular,Freq. People,Avg. Time
4,5,5,6,15,4,2,0.45,18,6698
4,3,4,15,17,5,4,0.24,8,6685
4,1,5,7,22,3,4,0.37,4,6680
5,1,4,11,25,4,4,0.37,15,6680
2,1,2,12,22,2,6,0.84,4,6677
5,4,5,7,11,5,3,0.25,6,6668
4,3,2,5,12,3,6,0.84,5,6668
5,2,3,11,16,3,6,0.11,20,6660
3,2,5,14,17,4,4,0.65,20,6643
2,4,5,12,19,3,5,0.19,16,6636
5,2,3,7,21,4,6,0.84,13,6626
1,5,4,15,10,4,4,0.76,12,6613
3,4,2,5,18,4,6,0.93,16,6603
5,3,3,8,25,5,3,0.73,6,6589
4,2,4,9,17,4,5,0.19,12,6589
1,2,4,13,10,3,3,0.63,20,6583
2,4,5,12,25,4,4,0.4,11,6569
5,1,5,14,12,3,5,0.32,14,6569
4,5,4,9,23,5,5,0.57,13,6568
5,5,5,12,22,4,3,0.43,10,6561
3,1,4,9,20,2,5,0.91,3,6559
3,5,3,5,13,2,2,0.21,4,6554
5,2,4,15,22,2,4,0.26,13,6554
1,3,2,5,24,5,2,0.43,13,6536
1,4,5,6,15,4,5,0.93,6,6532
2,3,2,9,11,2,6,0.81,14,6531
5,1,3,8,24,5,4,0.06,11,6513
3,2,4,5,16,5,3,0.21,7,6511
2,3,3,15,11,3,5,0.57,6,6505
3,4,3,12,17,3,6,0.7,3,6504
4,2,4,14,14,4,5,0.71,9,6502
3,4,3,11,24,5,2,0.79,3,6501
4,3,5,10,14,4,2,0.79,3,6497
3,5,5,6,19,2,2,0.04,13,6493
2,2,3,6,24,5,4,0.81,10,6491
5,1,4,9,17,2,5,0.31,8,6479
1,3,1,15,21,2,5,0.78,6,6478
2,1,1,9,15,3,6,0.64,19,6472
3,4,4,9,22,4,4,0.86,16,6471
1,3,4,5,14,4,2,0.08,9,6467
4,4,5,12,24,3,4,0.92,6,6466
1,2,3,10,10,3,5,0.79,7,6461
5,1,4,9,16,4,5,0.73,11,6454
3,4,2,15,24,2,3,0,15,6454
2,5,1,15,10,3,5,0.95,4,6451
3,4,5,8,12,4,2,0.46,11,6451
5,2,3,15,21,5,3,0.46,20,6431
4,4,4,12,23,5,5,0.07,10,6424
5,1,5,11,15,2,4,0.08,10,6420
4,3,4,11,18,5,4,0.35,14,6418
2,4,5,11,22,4,3,0.9,3,6416
5,2,5,13,12,2,5,0.51,4,6412
2,4,5,10,19,5,6,0.24,10,6412
4,5,3,13,13,3,3,0.06,4,6409
2,3,2,15,24,3,2,0.68,16,6406
2,1,2,7,17,4,4,0.91,6,6403
4,5,3,6,19,4,4,0.76,15,6401
5,5,1,10,18,4,6,0.56,12,6396
1,1,5,11,23,4,2,0.8,8,6389
2,5,2,10,12,5,5,0.82,19,6387
3,2,2,7,20,5,6,0.73,18,6386
2,1,1,8,20,5,6,0.07,7,6381
5,1,4,8,12,3,3,0.06,15,6379
2,3,2,7,25,4,2,0.77,19,6377
4,2,3,11,11,4,2,0.54,15,6374
3,5,4,6,11,3,2,0.41,4,6372
1,5,2,8,16,4,6,1,16,6372
4,5,2,11,24,3,2,0.78,5,6370
4,4,5,5,25,2,3,0.51,15,6368
4,4,1,10,23,5,4,0.09,20,6368
3,3,4,11,19,3,6,0.31,17,6364
2,1,1,13,12,2,4,0.82,8,6360
5,2,1,8,18,5,3,1,17,6354
1,3,2,10,23,3,2,0.55,16,6341
5,1,2,7,12,2,3,0.09,18,6337
4,1,1,12,11,3,5,0.88,10,6335
5,4,2,6,11,4,3,0.26,19,6333
3,4,3,9,22,4,2,0.96,8,6329
4,5,4,9,11,4,3,0.35,18,6326
5,1,3,9,13,4,3,0.01,8,6326
2,4,4,11,12,2,5,0.75,18,6322
4,1,4,8,14,5,3,0.24,6,6318
3,3,2,8,22,2,6,0.87,5,6317
4,4,5,14,12,2,5,0.93,6,6307
4,3,4,5,16,2,5,0.47,14,6305
4,1,5,6,19,3,5,0.84,6,6305
2,3,4,13,11,3,3,0.96,7,6303
1,5,4,11,13,2,5,0.62,7,6301
3,5,2,8,10,5,5,0.28,9,6297
4,2,5,14,18,4,4,0.17,19,6290
4,1,2,14,11,3,6,0.92,18,6290
3,2,1,11,25,4,3,0.11,19,6287
4,4,3,14,19,3,3,0.47,14,6284
4,3,3,11,21,5,5,0.92,5,6282
3,1,5,5,10,5,4,0.57,18,6279
4,2,2,5,21,3,2,0.09,13,6265
1,4,4,9,23,2,6,0.1,8,6259
5,3,3,14,19,3,5,0.57,13,6250
5,4,4,7,20,4,5,0.47,3,6247
3,4,1,7,24,2,2,0.06,3,6246
4,5,1,11,18,3,2,0.64,8,6246
1,1,2,8,20,2,2,0.93,13,6245
4,4,3,14,24,2,2,0.93,17,6244
4,2,1,7,22,2,6,0.61,15,6242
2,1,2,8,12,4,2,0.34,17,6242
2,2,4,7,25,2,5,0.31,15,6241
5,4,4,6,11,3,2,0.51,17,6239
4,3,2,12,23,2,3,0.83,10,6236
1,1,1,13,14,5,5,0.1,8,6229
1,4,1,10,11,2,3,0.12,6,6217
4,2,1,6,23,4,3,0.82,20,6216
5,1,5,6,18,3,5,0.63,15,6215
5,5,4,13,25,5,2,0.32,15,6214
3,4,2,7,17,3,6,0.32,15,6213
4,1,4,8,12,2,5,0.13,3,6212
2,1,3,13,19,5,4,0.05,9,6210
5,3,1,6,16,3,5,0.06,3,6209
3,2,1,5,11,3,4,0.42,4,6208
4,5,4,5,13,4,2,0.69,3,6203
5,1,3,8,18,5,4,0.8,11,6201
1,4,3,12,24,3,4,0.36,12,6194
5,3,4,5,14,3,3,0.72,17,6186
3,1,5,13,20,5,4,0.68,10,6181
2,5,1,10,25,5,3,0.8,18,6180
4,2,5,14,22,3,6,0.62,4,6178
5,5,5,7,20,2,4,0.39,20,6174
2,5,5,15,23,2,2,0.46,3,6174
2,4,3,6,21,2,5,0.25,13,6172
1,2,3,11,21,4,3,0.69,14,6164
2,1,3,10,23,3,3,0.92,9,6162
2,1,4,14,18,4,2,0.2,11,6160
1,1,2,8,15,3,4,0.63,19,6155
2,1,3,12,19,3,6,0.2,7,6155
1,3,2,10,25,4,4,0.06,16,6154
4,1,1,11,17,4,3,0.78,13,6151
5,5,3,12,10,4,6,0.05,10,6145
1,4,3,14,19,3,4,0.4,6,6144
5,2,5,7,24,2,5,0.07,12,6144
3,1,5,14,19,2,4,0.91,16,6141
4,1,3,15,10,2,5,0.4,17,6138
1,1,1,12,15,5,5,0.71,13,6138
2,5,4,15,10,2,4,0.71,6,6133
4,2,5,13,21,3,2,0.78,14,6129
5,1,5,13,15,3,4,0.85,5,6126
3,2,3,11,16,2,5,0.61,13,6126
3,3,2,14,15,3,5,0.76,7,6125
1,4,1,14,25,2,4,1,8,6123
4,5,5,14,22,5,6,0.12,4,6118
1,5,1,7,24,5,6,0.65,16,6118
5,1,2,7,10,3,3,0.74,18,6116
3,4,4,12,21,3,3,0.77,10,6115
4,1,2,6,21,3,5,0.7,6,6115
2,3,4,11,10,2,2,0.59,8,6113
2,2,3,6,13,3,6,0.38,12,6104
1,4,3,14,22,3,2,0.18,11,6100
5,4,1,6,23,4,2,0.12,15,6097
2,2,2,9,18,2,5,0.99,20,6090
1,5,4,12,19,3,5,0.78,5,6089
4,2,1,8,19,3,4,0.01,5,6088
3,5,1,13,23,5,6,0.28,8,6083
1,1,1,8,22,4,6,0.11,16,6082
3,4,4,5,21,2,5,0.29,4,6081
2,1,1,14,14,5,6,0.99,5,6081
4,1,3,11,18,3,2,0.16,14,6078
1,2,4,12,14,4,4,0.69,20,6076
2,5,5,8,14,5,6,0.18,17,6070
3,5,3,14,17,2,5,0.51,19,6065
2,5,1,15,15,3,4,0.01,8,6062
1,3,2,10,12,4,3,0.95,9,6060
3,2,3,7,21,4,4,0.69,3,6057
1,1,4,9,12,4,6,0.94,17,6050
4,3,5,6,12,3,3,0.08,6,6050
2,5,3,9,25,5,4,0.14,9,6050
1,3,3,15,19,2,2,0.98,8,6048
4,4,2,5,24,3,3,0.2,18,6044
4,4,5,14,20,4,4,0.57,6,6043
1,1,2,13,19,3,3,0.39,16,6038
3,1,2,7,20,4,6,0.42,8,6036
4,1,3,13,19,5,5,0.94,15,6034
1,1,2,10,22,3,4,0.4,18,6031
5,5,1,12,17,5,3,0.53,7,6029
5,2,3,7,24,4,5,0.66,19,6027
5,3,1,9,13,5,3,0.58,6,6025
5,3,2,11,21,3,6,0.86,11,6023
2,5,1,5,14,5,4,0.37,10,6020
4,4,2,7,17,5,3,0.26,3,6018
1,4,4,8,25,3,6,0.58,4,6018
5,5,1,9,14,3,2,0.73,18,6017
3,5,4,11,17,4,3,0.79,19,6016
3,3,2,6,15,3,3,0.13,17,6015
1,3,5,12,19,4,2,0.99,14,6014
3,1,4,10,25,4,6,0.14,3,6012
1,5,5,14,25,4,5,0.53,9,6011
2,1,5,7,14,3,5,0.26,5,6011
3,3,2,11,24,3,2,0.82,10,6009
3,3,1,11,17,2,2,0.74,5,6006
5,4,3,8,18,2,6,0.47,4,6005
1,2,3,11,24,2,3,0.07,20,6002
1,2,1,5,15,5,5,0.59,15,5994
3,5,1,15,19,2,6,0.65,7,5991
2,1,3,6,23,3,5,0.9,7,5988
1,1,5,8,18,5,6,0.58,14,5986
4,4,5,8,19,2,5,0.36,12,5985
1,2,4,13,17,2,6,1,16,5985
3,5,4,13,24,3,5,0.67,8,5982
4,2,5,9,16,5,5,0.03,16,5980
2,1,5,11,25,2,2,0.92,8,5979
5,3,2,11,25,4,2,0.09,6,5979
5,3,2,12,24,5,3,0.58,20,5979
1,2,2,15,12,4,4,0.19,19,5976
2,5,5,9,14,2,6,0.46,7,5976
4,5,5,14,25,2,3,0.68,14,5973
3,2,4,13,16,2,2,0.24,12,5970
4,4,3,15,13,3,6,0.6,6,5969
4,1,1,15,13,2,2,0.6,6,5964
5,1,1,9,21,3,3,0.34,20,5964
4,3,2,12,19,4,5,0.33,5,5963
3,3,1,14,18,4,4,0.68,16,5963
2,5,3,9,25,2,6,0.01,3,5963
4,4,4,7,24,3,2,0.62,20,5961
4,5,4,13,22,4,5,0.36,18,5956
5,4,5,11,21,3,6,0.59,17,5952
3,3,3,6,17,2,2,0.58,18,5949
1,4,2,10,10,4,6,0.78,19,5949
3,4,3,10,25,5,5,0.75,4,5945
1,3,1,12,21,5,2,0.72,10,5941
4,5,5,10,16,4,3,0.71,7,5941
2,3,4,9,18,5,5,0.39,15,5941
5,3,3,11,18,2,4,0.55,5,5939
1,5,3,5,18,4,6,0.26,12,5936
5,5,3,6,22,5,3,0.92,11,5934
3,1,2,10,10,5,5,0.03,5,5933
1,5,4,15,21,5,5,0.29,14,5932
3,3,4,15,23,2,6,0.64,9,5931
1,1,5,12,18,4,6,0.57,3,5928
1,1,3,5,24,2,4,0.35,19,5926
1,4,2,11,17,3,6,0.4,12,5924
1,5,3,10,20,3,3,0.09,16,5922
4,5,1,10,13,3,5,0.31,13,5922
5,4,2,11,10,2,3,0.23,8,5918
5,4,5,14,13,2,2,0.29,5,5918
3,1,5,15,21,4,2,0.99,5,5914
1,4,1,8,22,2,4,0.26,13,5914
1,4,4,8,20,5,6,0.09,10,5912
2,1,2,5,18,5,3,0.78,12,5912
2,4,1,9,17,4,3,0.81,4,5911
2,4,2,12,20,5,6,0.89,14,5911
2,4,4,14,15,5,6,0.9,19,5906
3,2,3,6,25,2,3,0.12,14,5905
3,5,2,13,13,3,4,0.21,10,5903
4,4,2,5,20,3,4,0.68,19,5902
5,5,4,6,24,2,5,0.81,13,5900
5,1,4,11,20,2,3,0.86,15,5898
1,4,2,11,10,3,5,0.51,5,5897
3,2,5,7,16,5,5,0.7,3,5896
5,5,5,15,13,5,5,0.99,18,5895
2,5,5,13,24,2,3,0.75,12,5890
5,4,4,15,17,4,3,0.86,15,5890
2,1,3,14,15,3,3,0.03,15,5883
4,2,5,9,17,2,3,0.64,8,5882
1,4,2,13,14,5,2,0.44,12,5878
1,4,5,12,19,5,6,0,6,5877
5,5,4,14,20,5,3,1,6,5877
5,5,3,8,10,4,5,0.81,3,5874
1,4,4,13,14,2,4,0.87,4,5872
1,4,1,13,25,5,6,0.12,4,5871
2,2,5,5,19,4,5,0.23,18,5868
2,5,1,13,22,4,5,0.23,13,5868
3,3,4,7,24,3,4,0.23,7,5866
2,4,4,13,17,5,3,0.03,14,5866
1,3,1,12,14,4,2,0.05,5,5864
4,1,4,14,25,3,3,0.02,9,5861
3,1,2,15,19,5,2,0.76,9,5857
5,5,4,6,25,2,5,0.84,7,5856
3,3,4,13,13,5,4,0.67,15,5855
3,2,2,11,21,3,6,0.34,17,5854
5,4,2,13,12,2,6,0.07,4,5851
2,2,1,11,17,3,4,0.67,3,5849
2,3,4,10,15,4,3,0.08,15,5847
3,1,3,14,16,4,2,0.52,5,5847
5,5,3,14,24,5,5,0.22,16,5844
1,3,4,7,15,5,2,0.24,10,5841
5,2,1,13,17,4,6,0.16,13,5838
5,2,5,12,18,2,2,0.18,8,5838
3,4,2,10,25,2,5,0.83,18,5838
2,1,4,8,19,5,2,0.45,11,5837
4,3,2,7,12,4,3,0.3,19,5837
2,3,1,6,13,3,5,0.59,16,5836
4,1,1,7,11,4,5,0.2,9,5835
5,2,1,6,15,3,5,0.09,12,5832
1,1,3,12,12,2,4,0.6,20,5831
5,5,4,9,12,2,6,0.66,18,5830
5,1,4,14,21,5,3,0.37,9,5830
2,3,3,12,24,2,3,0.14,3,5829
1,4,5,9,15,4,3,0.61,6,5829
2,5,4,6,21,5,5,0.38,19,5829
5,1,4,10,25,4,4,1,14,5828
5,1,5,6,13,2,3,0.42,17,5825
1,3,1,11,19,5,2,0.2,13,5825
5,4,1,8,12,2,4,0.98,11,5824
3,1,1,5,18,4,2,0.56,10,5823
3,3,4,15,18,5,2,0.03,19,5822
3,1,1,15,14,4,4,0.27,18,5814
4,4,4,12,21,5,3,0.02,8,5813
1,3,3,5,20,3,6,0.02,16,5813
3,2,2,5,23,3,4,0.76,3,5811
3,4,4,10,19,4,6,0.95,12,5811
2,4,3,6,23,5,4,0.95,4,5810
5,4,1,15,16,3,6,0.03,20,5808
3,4,2,14,10,2,6,0.48,13,5807
5,5,1,9,18,5,3,0.51,19,5807
3,5,2,9,14,3,4,0.65,11,5805
4,4,3,5,17,2,5,0.94,10,5802
4,4,2,11,25,5,2,0.44,4,5802
2,2,1,14,19,4,6,0.93,14,5801
5,5,2,11,20,4,4,0.98,12,5801
1,5,3,8,22,5,5,0.03,7,5800
1,1,3,5,12,2,6,0.69,18,5799
5,4,3,13,20,3,2,0.9,10,5799
4,5,5,12,19,5,6,0.31,19,5795
3,1,2,11,19,4,4,0.66,13,5791
5,5,3,7,10,5,4,0.26,12,5790
5,5,3,9,25,2,5,0.84,3,5789
3,2,2,13,23,3,3,0.08,8,5789
5,2,3,10,17,3,4,0.94,18,5780
5,3,2,15,10,3,6,0.78,12,5776
2,1,3,6,17,2,3,0.32,12,5776
2,5,4,13,15,2,2,0.97,3,5776
1,4,1,5,16,5,3,0.81,18,5775
5,1,4,13,14,5,6,0.93,8,5772
5,3,3,12,19,3,6,0.96,12,5771
2,2,2,13,21,2,4,0.73,8,5767
3,3,3,11,24,3,6,0.31,14,5766
1,3,5,8,13,5,4,0.48,14,5766
3,2,1,15,25,3,5,0.21,8,5764
2,4,4,13,15,3,4,0.85,9,5755
5,4,3,11,17,2,2,0.71,17,5755
1,2,1,7,22,2,4,0.92,4,5755
1,3,2,15,21,4,6,0.25,11,5754
1,5,2,5,24,2,2,0.4,3,5753
5,1,4,6,21,3,3,0.75,8,5753
4,1,3,8,25,3,5,0.85,9,5753
2,3,5,11,18,5,3,0.86,13,5752
2,3,5,13,20,2,3,0.89,3,5752
5,3,5,13,19,5,6,0.18,13,5747
4,2,4,11,17,3,4,0.25,5,5742
2,1,4,6,19,5,2,0.01,17,5742
4,2,1,15,17,4,6,0.73,4,5741
4,3,4,11,11,2,3,0.63,3,5739
4,4,4,14,21,2,6,0.6,10,5738
1,5,2,11,22,3,2,0.39,20,5735
5,1,2,12,22,5,2,0.84,16,5735
3,5,1,8,23,3,3,0.93,19,5732
2,3,3,10,25,5,4,0.08,11,5727
3,3,4,6,13,4,5,0.4,16,5727
4,1,4,11,19,2,5,0.33,7,5726
3,1,2,14,14,4,2,0.25,10,5725
3,4,4,15,18,5,4,0.96,18,5724
1,2,2,10,25,3,4,0.01,17,5722
2,1,4,10,25,3,4,0.57,4,5722
5,5,3,9,15,3,4,0.42,11,5719
1,4,2,7,24,3,6,0.27,14,5717
2,1,2,8,19,4,2,0.19,16,5717
1,2,5,11,23,5,2,0.29,4,5714
1,1,3,13,17,4,6,0.59,14,5714
1,5,1,7,20,5,3,0.95,5,5712
2,3,3,9,15,2,2,0.86,5,5710
3,1,5,8,18,3,5,0.17,9,5706
5,2,5,11,14,2,3,0.04,14,5706
1,4,4,10,23,4,4,0.34,4,5705
5,4,2,14,18,3,5,0.43,3,5704
4,3,2,11,25,4,3,0.63,12,5704
4,1,4,9,25,2,5,0.08,16,5702
1,5,3,5,23,4,2,0.4,12,5702
2,2,2,11,25,4,6,0.61,20,5701
4,4,2,8,21,2,3,0.18,12,5698
3,4,2,9,24,2,5,0.73,5,5698
3,5,5,11,22,3,5,0.58,9,5697
3,2,1,5,18,5,4,0.99,14,5696
1,4,5,8,12,4,5,0.49,3,5695
4,1,2,5,15,4,3,0.51,4,5694
3,1,3,12,11,3,3,0.7,13,5694
4,2,3,6,14,4,4,0.94,9,5694
1,3,3,6,25,5,2,0.99,17,5690
3,4,1,12,10,3,2,0.78,20,5690
4,1,4,6,12,5,6,0.36,15,5690
1,5,3,5,20,3,5,0.53,13,5690
5,4,1,15,12,4,6,0.66,15,5687
4,4,4,5,19,5,6,0.79,3,5686
2,5,2,7,19,4,5,0.6,18,5685
5,5,4,14,22,2,6,0.36,20,5685
2,3,5,10,24,4,3,0.68,6,5683
4,3,4,7,25,2,5,0.84,3,5681
1,1,1,15,14,2,2,0.32,16,5680
5,2,4,8,21,2,4,0.21,9,5680
1,1,5,13,24,4,6,0.36,11,5676
1,4,1,13,10,4,3,0.07,19,5672
3,3,2,14,21,5,3,0.59,18,5672
2,4,2,13,15,5,3,0.71,10,5672
4,5,4,12,25,5,3,0.56,15,5668
2,4,4,8,15,2,3,0.69,20,5667
5,3,2,5,12,2,4,0.6,16,5666
4,3,4,5,17,3,2,0.14,4,5665
5,2,3,12,16,5,5,0.56,13,5662
5,4,4,6,15,5,3,0.62,15,5661
4,4,3,11,14,4,4,0.25,6,5661
4,2,4,13,11,2,5,0.86,11,5660
5,3,4,5,21,2,5,0.62,9,5656
5,3,4,12,22,2,6,0.49,14,5656
3,5,2,9,20,3,4,0.94,4,5656
2,4,3,12,24,2,5,0.15,5,5655
1,3,5,7,16,3,3,0.95,20,5655
5,4,4,6,15,2,2,0.68,9,5654
4,4,1,7,21,3,6,0.13,14,5654
1,5,5,12,10,4,2,0.86,18,5653
1,2,4,14,12,3,6,0.22,18,5653
1,3,5,7,11,2,6,0,5,5652
5,1,3,11,23,2,5,0.21,20,5649
1,1,4,8,10,4,4,0.64,5,5648
5,1,5,8,21,3,2,0.24,5,5647
5,4,1,9,19,4,3,0.2,12,5645
3,4,2,8,10,5,5,1,11,5641
2,5,2,7,19,5,4,0.94,5,5641
2,5,4,13,24,5,3,0.47,6,5639
3,1,1,8,20,3,3,0.28,7,5638
5,1,3,15,23,3,5,0.8,20,5638
2,2,3,14,15,2,6,0.5,13,5636
3,1,2,14,11,3,6,0.62,6,5636
4,4,5,8,18,2,5,0.05,10,5635
4,4,4,9,19,2,5,0.84,3,5634
5,1,2,11,23,5,2,0.44,13,5633
5,3,1,7,11,2,3,0.89,15,5630
4,2,3,9,18,5,4,0.72,4,5629
3,1,3,6,22,3,2,0.78,9,5628
2,3,1,13,20,3,5,0.66,8,5628
5,5,5,11,25,3,3,0.31,3,5625
1,4,4,9,16,3,5,0.95,11,5623
5,5,3,13,19,4,6,0.19,4,5623
2,4,2,9,22,4,3,0.91,10,5617
1,2,1,7,19,5,2,0.57,9,5614
5,1,3,5,19,4,5,0.49,5,5614
5,3,4,14,15,2,6,0.83,19,5614
5,3,5,13,25,2,5,0.14,20,5613
1,5,1,5,18,3,3,0.31,18,5613
5,2,3,10,22,4,3,0.32,9,5612
1,4,4,15,16,5,5,0.72,10,5611
3,5,4,10,18,2,5,0.03,14,5610
2,1,1,15,21,3,6,0.32,16,5610
1,1,2,13,11,5,4,0.34,7,5609
2,3,3,12,22,3,6,0.31,9,5607
5,2,1,8,16,3,5,0.65,5,5607
2,2,5,6,12,5,3,0.32,4,5607
4,1,5,12,17,2,2,0.86,16,5604
1,5,1,9,23,2,6,0.92,4,5603
3,3,2,10,11,4,5,0.94,15,5601
4,2,3,10,23,5,6,0.46,20,5601
2,2,2,15,16,4,2,0.97,14,5601
2,3,2,7,16,4,6,0.39,9,5599
4,4,4,13,11,4,5,0.98,13,5599
1,2,3,11,25,2,6,0.05,13,5597
5,1,4,14,23,5,3,0.29,6,5596
5,2,4,15,21,3,6,0.15,19,5596
4,3,1,6,12,4,4,0.48,19,5596
5,2,1,14,15,2,6,0.13,16,5595
4,3,3,5,15,4,2,0.08,17,5595
5,2,5,11,12,3,5,0.56,12,5592
4,1,1,13,19,3,3,0.92,10,5590
3,2,3,10,22,2,3,0.68,9,5590
2,1,4,7,22,4,2,0.87,18,5590
3,1,5,12,12,5,3,0.26,20,5589
5,3,1,8,21,3,2,0.18,8,5588
1,3,4,11,17,4,4,0.73,16,5586
1,4,3,7,23,4,3,0.54,17,5586
4,5,4,14,20,2,3,0.62,12,5586
1,5,2,10,13,3,2,0.89,15,5585
2,4,5,8,11,3,2,0.75,11,5583
4,2,1,5,17,2,5,0.52,3,5583
3,5,5,15,11,3,2,0.76,7,5582
2,1,3,11,23,2,4,0.01,19,5582
2,4,3,5,19,4,2,0.39,13,5580
1,3,3,6,22,3,3,0.01,19,5580
1,4,5,5,18,4,4,0.38,16,5580
2,3,4,12,20,5,4,0.76,18,5578
4,1,4,8,15,5,6,0.77,13,5577
1,4,1,8,17,5,5,0.22,6,5577
4,4,3,11,12,4,4,0.6,16,5577
1,1,1,14,25,5,5,0.97,15,5577
3,2,1,11,13,3,2,0.85,16,5577
3,4,1,8,24,3,2,0.02,13,5573
1,4,3,11,13,5,5,0.79,10,5571
1,3,3,5,24,3,5,0.26,16,5571
1,5,3,15,13,5,5,1,7,5570
2,4,5,11,13,2,2,0.21,12,5569
1,3,4,6,12,5,2,0.5,3,5567
1,5,1,7,16,5,3,0.01,15,5567
3,2,3,7,25,2,5,0.35,5,5566
5,1,3,10,20,3,3,0.06,9,5565
3,1,3,5,10,2,3,0.92,7,5565
1,5,1,13,22,4,6,0.32,5,5564
3,3,1,5,23,2,5,0.93,11,5563
5,4,2,9,17,2,4,0.75,12,5562
4,1,1,7,16,4,6,0.23,11,5562
5,2,4,8,19,3,6,0.36,4,5560
5,1,4,13,11,2,4,0.65,11,5559
1,1,5,9,10,4,5,0.07,5,5559
1,3,5,14,12,5,3,0.49,13,5559
3,2,1,15,14,2,2,0.75,20,5558
5,5,4,15,23,4,3,0.53,17,5557
4,2,4,6,16,4,5,0.58,7,5557
5,2,1,6,21,4,4,0.66,3,5553
2,1,2,5,17,3,6,0.4,7,5552
2,3,3,8,22,3,6,0.39,3,5552
1,4,5,7,19,5,4,0.84,12,5551
5,4,2,5,14,2,3,0.02,18,5549
3,5,3,6,20,3,4,0.97,4,5548
4,1,4,5,10,3,5,0.78,8,5544
2,5,5,10,18,3,6,0.89,14,5543
5,4,3,9,10,3,5,0.8,8,5543
4,1,1,5,11,2,5,0,13,5543
2,2,3,11,15,5,3,0.87,6,5542
2,2,2,12,15,5,4,0.05,6,5541
4,1,1,8,13,2,2,0.58,14,5540
1,1,5,8,11,4,4,0.23,12,5539
5,5,4,12,23,4,6,0.83,16,5538
1,5,5,8,22,5,6,0.51,14,5535
5,1,1,15,20,5,6,0.32,16,5534
5,1,3,12,17,2,5,0.09,8,5533
1,4,4,13,22,2,4,0.57,11,5533
4,3,4,13,19,2,6,0.59,9,5533
2,2,1,8,13,2,3,0.62,7,5533
5,2,4,8,25,5,6,0.83,11,5533
2,5,5,11,24,5,2,0.47,11,5530
4,3,1,13,25,5,5,0.01,4,5529
3,5,3,6,21,2,2,0.07,14,5528
5,4,2,10,17,5,2,0.01,13,5528
5,1,3,7,22,5,4,0.94,14,5528
3,1,5,9,15,4,5,0.25,5,5527
5,3,2,5,23,4,3,0.99,6,5525
1,4,5,12,11,4,4,0.87,3,5524
1,4,1,14,12,3,4,0.03,18,5523
3,3,5,5,13,2,3,0.32,6,5523
4,5,4,8,24,3,3,0.86,12,5522
1,5,2,8,21,4,2,0.95,16,5522
5,1,5,6,23,5,4,0.07,7,5520
1,1,5,7,23,3,6,0.81,9,5519
3,3,3,5,22,4,5,0.6,19,5518
2,2,4,10,14,2,3,0.36,13,5518
2,1,2,7,12,5,2,0.99,5,5517
1,5,5,14,24,4,2,0.98,20,5515
4,1,5,5,12,4,6,0.33,8,5513
1,5,4,9,17,3,2,0.66,12,5510
5,1,2,14,13,3,5,0.52,15,5510
4,4,1,6,16,2,5,0.84,11,5509
1,1,3,9,10,5,3,0.53,19,5508
2,1,2,14,10,3,4,0.75,19,5508
5,3,3,13,20,5,4,0.19,8,5507
4,2,3,9,23,4,6,0.43,18,5507
1,5,5,6,22,2,3,0.56,7,5506
3,4,2,11,20,4,3,0.08,18,5506
3,3,3,6,13,5,5,0.97,14,5505
4,3,2,9,11,5,4,0.35,8,5504
4,4,4,8,10,4,3,0.1,10,5504
1,2,3,11,13,3,2,0.43,9,5503
1,3,4,13,22,5,2,0.21,10,5502
1,1,3,8,22,5,5,0.28,12,5502
1,4,3,14,11,4,6,0.31,9,5501
2,3,2,12,23,3,4,0,19,5500
5,5,3,13,16,4,5,0.24,18,5499
1,3,5,12,17,4,6,0.17,18,5498
3,3,4,11,14,3,3,0.84,10,5498
3,4,2,11,24,5,2,0.98,12,5498
5,4,1,6,10,4,6,0.33,18,5497
5,2,4,14,19,3,4,0.14,5,5497
5,1,4,6,16,5,3,0.23,5,5495
2,1,4,8,19,3,3,0.35,14,5494
3,5,1,13,22,2,6,0.59,6,5493
1,1,5,7,13,4,5,0.74,10,5491
3,2,5,12,13,3,3,0.69,11,5491
1,5,4,12,17,3,5,0.29,8,5490
5,2,2,8,22,2,6,0.98,6,5489
5,2,1,14,23,2,4,0.04,6,5488
2,4,1,13,16,5,3,0.22,13,5487
2,3,1,11,23,4,6,0.65,15,5486
4,4,4,6,12,2,5,0.36,11,5486
5,3,1,8,21,5,5,0.44,8,5482
1,2,5,9,19,2,6,0.92,15,5482
2,1,4,12,22,4,4,0.92,11,5482
1,4,5,8,13,5,5,0.39,12,5481
4,4,2,5,12,2,4,0.67,19,5479
4,1,1,5,19,4,5,0.47,11,5479
4,3,4,14,25,4,6,0.83,16,5478
3,3,3,14,17,2,6,0.18,3,5478
2,1,5,12,24,2,2,0.73,17,5475
3,4,3,5,15,5,5,0.16,8,5475
5,3,5,15,13,5,6,0.95,7,5475
1,2,4,11,10,2,3,0.4,9,5474
5,3,5,13,23,5,5,0.58,3,5474
1,2,3,15,20,5,5,0.73,17,5473
1,3,4,11,15,5,2,0.45,19,5473
1,5,4,7,24,5,5,0.16,12,5472
2,2,5,6,14,2,4,0.17,20,5472
1,5,2,5,16,5,6,0.3,8,5472
3,3,5,14,14,5,3,0.55,16,5471
2,1,3,8,16,3,5,0.78,6,5471
3,4,1,12,22,5,4,0.27,13,5471
1,3,1,13,16,5,5,0.11,16,5470
2,2,2,5,23,5,4,0.38,12,5469
2,3,2,9,17,3,6,0.44,7,5468
1,4,3,5,23,4,6,0.12,18,5468
2,2,4,5,16,4,3,0.18,9,5466
5,4,2,12,17,5,3,0.81,20,5466
2,4,2,8,18,5,4,0.89,6,5465
1,1,2,8,21,4,5,0.07,7,5462
3,5,5,11,24,5,5,0.81,11,5461
3,3,1,12,11,2,4,0.68,17,5461
2,4,3,12,10,2,6,0.1,16,5461
5,4,4,14,19,5,3,0.9,15,5461
1,1,2,6,11,3,6,0.7,3,5460
4,2,1,15,18,5,3,0.66,5,5459
2,2,3,5,24,5,4,0.74,13,5456
2,5,3,12,22,4,4,0.55,12,5453
3,5,4,10,24,2,2,0.24,4,5453
5,3,5,12,16,4,3,0.8,7,5453
4,1,2,14,13,4,2,0.99,9,5452
1,3,1,5,11,5,2,0.42,12,5448
1,4,1,11,21,4,5,0.02,7,5447
5,1,4,7,14,3,2,0.98,8,5447
3,3,1,10,18,2,3,0.31,17,5446
3,5,5,6,14,4,4,0.44,3,5445
3,1,1,8,14,5,3,0.53,19,5445
5,2,3,7,22,5,3,0.63,16,5444
2,1,1,10,12,2,5,0.33,15,5444
3,5,1,7,18,2,6,0.48,10,5443
4,4,4,7,12,5,5,0.12,11,5441
1,2,5,11,19,2,2,0.51,7,5440
3,5,3,10,16,4,5,0.42,3,5439
5,5,1,11,21,2,5,0.81,18,5439
2,3,5,10,14,4,5,0.68,10,5439
4,1,1,15,16,3,6,0.62,19,5438
3,5,1,13,25,3,4,0.76,19,5438
5,3,2,6,13,2,5,0.29,4,5436
3,5,3,15,16,4,5,0.66,7,5435
1,4,5,15,18,3,6,0.58,11,5434
5,2,2,7,13,2,4,0.31,17,5433
3,2,3,15,23,2,2,0.77,20,5432
2,5,1,11,24,3,6,0.28,15,5431
5,1,2,8,13,5,2,0.82,6,5430
1,1,3,10,25,5,3,0.62,12,5430
5,1,4,14,11,4,6,0.2,12,5430
4,1,3,7,12,3,3,0.48,18,5428
3,4,2,10,15,4,3,0.41,17,5427
3,2,4,14,24,2,6,0.04,17,5427
4,1,4,15,11,3,6,0.36,14,5427
3,5,1,12,19,3,3,0.25,9,5426
3,4,5,7,10,5,4,0.89,5,5425
1,1,2,8,19,4,5,0.5,17,5424
4,5,4,12,20,5,4,0.52,4,5424
4,2,3,6,25,3,5,0.39,12,5420
2,5,3,6,14,4,4,0.44,5,5420
2,3,2,7,24,4,4,0.22,3,5420
5,2,5,7,21,5,5,0.38,7,5419
4,2,3,7,22,5,5,0.52,3,5416
5,1,2,6,23,4,2,0.81,4,5416
4,1,4,14,24,2,3,0.94,10,5416
1,3,2,5,16,4,5,0.52,15,5416
1,1,5,9,11,5,5,0.94,7,5415
2,2,2,10,20,3,2,0.62,15,5414
2,3,5,15,25,2,5,0.09,8,5414
2,3,2,9,21,2,4,0.13,6,5414
1,3,5,11,25,5,2,0.72,9,5414
2,3,2,11,23,3,6,0.74,19,5413
2,3,3,12,24,4,5,0.25,19,5412
3,5,1,8,16,5,3,0.52,16,5412
1,3,1,6,24,2,2,0.19,14,5411
5,5,4,5,20,2,3,0.84,15,5410
1,2,4,5,10,2,6,0.11,6,5410
2,5,4,13,25,4,5,0.49,19,5410
3,2,5,11,20,4,5,0.7,17,5410
1,4,5,12,18,5,4,0.32,8,5409
3,5,4,8,11,4,5,0.22,19,5408
1,3,5,10,12,5,6,0,8,5406
4,3,2,7,12,4,3,0.73,16,5402
3,5,2,10,13,5,3,0.59,9,5402
4,5,2,5,21,3,3,0.51,11,5401
3,1,5,9,12,3,5,0.21,11,5399
5,3,3,8,21,3,5,0.94,13,5399
5,5,5,11,18,4,2,0.62,12,5399
3,1,4,14,21,2,6,0.41,14,5398
3,1,2,5,14,5,2,0.93,17,5398
5,5,4,15,15,4,2,0.77,10,5397
5,3,4,12,22,3,3,0.39,18,5397
5,2,3,7,12,4,2,0.23,9,5397
5,1,1,7,24,2,6,0.97,16,5396
4,5,1,14,24,5,2,0.92,5,5396
3,5,2,12,23,3,2,0.58,12,5393
5,2,3,15,15,3,2,0.58,8,5392
5,2,1,13,17,5,3,0.87,6,5392
4,2,3,12,22,4,4,0.01,12,5389
3,2,2,10,19,3,2,0.5,8,5389
4,4,1,14,22,5,5,0.37,13,5388
4,4,2,14,18,3,5,0.91,7,5388
5,3,5,14,20,3,3,0.3,10,5387
3,5,1,11,19,5,4,0.16,15,5386
2,3,3,5,19,5,5,0.94,8,5386
3,2,1,9,13,4,4,0.09,19,5385
1,4,1,9,21,5,3,0.22,18,5385
2,2,5,6,14,4,2,0.4,3,5383
3,2,4,6,19,3,3,0.56,16,5383
2,5,3,10,11,4,5,0.37,4,5382
4,2,4,7,13,4,4,0.22,6,5381
4,1,2,12,24,2,2,0.16,14,5379
2,4,3,7,10,3,2,0.41,13,5379
4,4,1,14,20,2,4,0.18,7,5378
5,3,1,15,17,3,3,0.95,3,5378
3,2,3,13,11,2,2,0.62,11,5378
5,1,2,12,23,3,2,0.86,9,5377
1,5,5,9,21,2,6,0.97,17,5377
1,4,2,14,25,3,6,0.97,17,5376
1,3,4,10,10,3,2,0.46,13,5374
1,1,2,13,11,2,6,0.77,9,5374
1,4,1,11,17,4,3,0.99,8,5373
1,2,2,12,19,5,6,1,10,5373
1,3,4,12,22,5,2,0.27,3,5372
1,5,2,11,22,4,5,0.25,15,5371
5,2,2,10,21,4,5,0.97,18,5369
4,1,3,8,11,5,3,0.45,16,5369
3,4,5,6,16,2,4,0,3,5369
4,4,3,9,10,3,6,0.96,18,5369
5,4,1,14,20,3,6,0.96,7,5368
1,2,2,13,19,2,3,0.14,7,5366
4,1,5,11,19,4,5,0.84,20,5365
1,2,5,8,22,3,4,0.95,10,5362
5,1,4,9,20,5,2,0.14,7,5362
4,5,1,8,12,5,4,0.24,13,5362
3,1,4,5,24,5,6,0.72,9,5361
2,3,1,5,17,3,5,0.68,11,5361
4,1,5,9,22,2,2,0.69,18,5358
4,3,5,13,19,5,2,0.55,9,5357
3,2,2,9,18,4,5,0.21,14,5356
5,5,5,13,14,5,5,0.66,20,5356
4,2,2,10,22,5,3,0.55,6,5354
5,1,5,15,23,4,6,0.4,14,5353
2,5,4,15,24,5,4,0.24,17,5353
5,1,3,9,10,3,2,0.43,10,5353
3,3,5,14,24,4,4,0.49,7,5353
2,1,1,7,14,2,4,0.41,15,5352
1,5,3,15,24,3,2,0.41,13,5351
1,1,4,6,19,4,3,0.89,10,5350
1,3,3,9,23,5,5,0.07,19,5349
3,1,4,11,23,5,2,0.48,12,5348
3,2,3,5,24,3,4,0.14,20,5348
1,1,2,6,13,2,4,0.85,4,5348
5,3,5,12,23,5,6,0.82,13,5347
3,2,2,8,16,2,5,0.99,17,5347
2,5,4,7,16,2,4,0.69,5,5346
2,1,4,9,22,2,4,0.19,15,5345
4,1,5,12,15,5,3,0.35,5,5344
4,1,5,11,11,2,6,0.54,14,5344
5,3,5,11,11,5,4,0.47,19,5342
2,4,4,5,14,4,3,0.82,6,5341
1,3,1,10,11,5,3,0.7,10,5341
4,2,1,10,21,3,3,0.16,11,5341
1,4,3,5,10,3,5,0.2,13,5341
4,1,3,12,15,5,5,0.73,19,5340
1,1,3,12,18,2,2,0,13,5340
5,5,2,11,21,2,2,0.11,8,5340
2,5,2,10,11,2,6,0.23,13,5339
4,5,2,10,11,2,5,0.51,18,5338
2,2,4,14,20,2,5,0.46,15,5336
3,1,2,13,25,4,2,0.34,10,5336
3,3,4,14,25,4,4,0.78,20,5335
1,1,5,11,14,3,5,0.13,12,5334
3,5,4,13,16,3,3,0.48,3,5333
1,3,1,15,19,2,3,0.61,13,5333
1,4,3,12,17,2,3,0.16,16,5333
3,4,1,13,24,5,2,0.49,3,5332
5,2,1,14,25,3,4,0.36,18,5332
1,2,4,8,20,2,6,0.06,6,5331
2,1,5,14,10,2,3,0.78,12,5331
4,4,1,7,24,3,4,0.72,20,5328
2,1,4,9,15,4,6,0.02,15,5327
5,2,1,14,18,2,2,0.31,6,5325
1,5,3,15,24,5,3,0.57,13,5324
1,4,2,13,10,4,2,0.46,12,5324
1,3,2,11,24,2,2,0.55,17,5323
5,2,2,7,11,4,6,0.15,14,5323
2,1,2,6,19,3,3,0.72,19,5322
4,4,1,14,10,3,5,0.88,3,5322
1,3,2,10,19,4,6,0.2,7,5317
1,3,1,12,15,5,2,0.5,15,5317
1,4,2,7,10,2,4,0.15,3,5317
1,4,1,14,17,4,4,0.46,3,5317
2,1,3,9,24,4,4,0.79,15,5314
1,1,5,10,10,5,6,0.4,20,5314
1,2,3,10,19,2,3,0.89,5,5314
3,1,1,11,10,2,2,0.64,20,5313
4,5,2,12,14,2,5,0.43,4,5313
5,5,1,7,13,3,4,0.24,14,5313
5,1,5,5,11,4,2,0.73,10,5311
4,1,1,11,11,2,4,0.58,15,5311
1,2,1,9,15,2,4,0.97,17,5310
5,4,3,12,25,2,6,0.98,10,5310
5,4,1,6,11,3,4,0.03,12,5308
2,4,4,14,22,3,2,0.02,4,5308
5,2,2,5,19,5,5,0.45,3,5306
4,2,5,8,23,3,2,0.67,10,5306
2,1,4,14,25,3,4,0.3,18,5306
3,5,1,14,21,2,4,0.96,3,5305
4,4,3,6,12,3,3,0.15,16,5302
1,4,2,6,16,4,4,0.72,14,5302
5,1,5,13,18,5,2,0.63,17,5301
3,5,3,11,16,4,6,0.56,13,5298
1,2,3,13,24,2,4,0.5,18,5297
4,4,1,12,12,4,2,0.09,6,5297
2,2,4,12,20,5,6,0.01,3,5295
3,1,4,14,19,4,5,0.12,16,5294
2,5,2,9,19,5,4,0.43,3,5294
2,4,4,5,14,3,5,0.81,12,5293
3,1,2,12,16,5,4,0.67,13,5293
5,2,3,15,16,2,2,0.27,16,5293
3,4,4,12,18,5,2,0.02,11,5293
4,2,2,6,20,3,4,0.34,4,5293
5,5,5,14,17,4,3,0.46,17,5292
2,1,5,6,13,4,5,0.3,16,5290
4,4,5,11,17,4,4,0.17,18,5290
1,2,3,13,25,3,3,0.9,13,5290
1,1,5,14,21,5,3,0.12,7,5289
5,3,5,10,23,3,2,0.05,7,5288
3,5,5,7,19,5,6,0.45,5,5288
5,5,5,11,14,2,2,0.9,7,5287
4,1,1,5,17,2,2,0.35,10,5287
2,4,1,9,18,5,5,0.73,7,5286
3,3,1,9,25,5,3,0.54,20,5285
3,1,1,13,22,4,2,0.48,18,5283
3,4,1,11,16,4,5,0.26,16,5282
3,5,2,11,10,3,2,0.32,7,5282
1,2,4,5,10,5,4,0.28,15,5282
5,4,5,5,15,4,2,0.97,20,5282
4,2,3,5,11,3,2,0.09,7,5278
1,3,3,7,22,3,4,0.49,19,5278
4,4,1,5,24,2,6,0.49,3,5278
5,1,4,11,11,2,3,0.73,12,5277
4,1,4,5,18,4,6,0.38,9,5276
1,2,4,10,15,4,2,0.05,13,5276
4,4,1,7,10,4,6,0.27,8,5275
3,4,4,5,20,2,3,0.88,10,5275
5,1,2,8,15,2,5,1,11,5274
5,1,3,14,12,4,4,0.05,4,5273
2,4,3,8,19,5,2,0.27,15,5272
2,2,3,7,23,4,6,0.79,10,5272
1,2,1,8,25,4,6,0.44,18,5272
4,2,3,5,22,3,5,0.69,16,5271
5,2,4,15,18,2,3,0.38,17,5271
1,5,2,9,20,3,3,0.87,12,5271
1,5,5,5,23,2,4,0.55,5,5271
5,4,1,6,25,4,5,0.76,19,5270
4,2,3,6,23,5,5,0.09,10,5270
3,4,2,8,11,3,5,0.1,12,5270
2,5,4,15,20,4,2,0.8,4,5270
5,5,3,10,18,2,6,0.2,15,5270
2,5,5,5,20,5,6,0.62,19,5269
5,1,5,13,12,2,6,0.35,14,5269
1,2,3,6,15,5,2,0.89,11,5268
1,2,2,11,17,2,4,0.83,19,5268
5,4,2,7,17,3,4,0.43,20,5268
5,2,2,8,11,2,6,0.77,10,5265
2,2,1,6,17,5,5,0.91,15,5265
4,1,3,13,25,3,6,0.62,6,5264
5,5,5,14,13,2,5,0.86,20,5263
2,2,5,6,23,3,4,0.47,4,5262
2,4,3,12,25,2,5,0.2,17,5262
1,4,1,5,12,3,5,0.98,14,5261
4,3,4,7,21,3,5,0.27,12,5259
1,1,5,15,25,5,6,0.73,9,5259
2,5,2,5,11,2,2,0.32,19,5259
2,5,3,14,19,4,2,0.81,4,5258
5,2,5,7,21,4,5,0.93,16,5258
1,3,4,10,24,2,2,0.29,18,5257
4,1,2,8,14,4,5,0.52,3,5256
2,5,5,15,25,2,2,0.1,14,5255
3,2,1,15,16,3,2,0.89,4,5255
1,1,3,15,15,4,4,0.19,17,5255
3,4,3,8,20,5,5,0.25,7,5254
3,2,2,10,13,3,3,0.6,4,5253
4,4,2,8,22,4,4,0.12,18,5253
2,4,1,15,22,4,4,0.17,5,5252
2,1,1,15,18,5,5,0.75,13,5252
1,5,4,15,10,5,2,0.47,6,5252
1,5,2,15,25,3,6,0.11,7,5251
5,5,3,15,14,3,5,0.75,12,5250
1,1,3,12,10,4,2,0.08,14,5250
2,2,1,9,22,2,2,0.37,6,5250
4,5,2,5,11,3,4,0.13,13,5249
3,4,1,6,21,5,5,0.07,19,5249
5,5,5,15,23,5,6,0.12,20,5247
1,2,2,11,18,2,6,0.76,9,5247
4,1,4,12,21,4,3,0.82,9,5247
2,3,3,14,14,2,4,0.99,14,5245
3,5,4,10,23,2,2,0.96,6,5244
1,4,1,12,17,3,6,0.02,12,5244
1,3,2,11,22,4,3,0.64,13,5243
1,2,4,6,21,5,3,0.98,11,5242
5,4,2,13,23,4,3,0.03,13,5242
2,2,5,7,24,3,4,0.95,17,5242
4,2,2,15,10,4,2,0.96,5,5241
2,3,1,9,22,4,2,0.61,11,5240
1,3,1,12,20,4,3,0.48,19,5239
5,2,5,6,12,2,3,0.25,13,5239
2,1,5,12,14,5,2,0.43,12,5239
4,3,3,9,21,5,3,0.43,19,5238
1,2,3,8,19,5,4,0.25,14,5238
3,4,3,6,14,3,5,0.11,12,5237
4,5,3,10,10,5,6,0.41,18,5233
3,3,2,12,13,4,6,0.06,5,5233
5,5,4,13,13,2,6,0.66,18,5231
2,2,5,13,15,2,2,0.97,4,5231
1,5,5,7,10,3,3,0.63,13,5231
4,3,3,9,13,4,2,0.79,19,5231
4,1,5,5,25,3,5,0.1,19,5230
2,3,2,14,14,5,2,0.42,10,5229
1,3,3,9,24,3,3,0.34,3,5228
1,1,3,14,17,2,5,0.8,14,5226
3,3,2,5,18,4,5,0.11,8,5225
2,5,1,15,10,4,5,0.45,8,5225
3,2,2,15,13,4,4,0.33,15,5225
3,4,4,5,15,2,3,0.64,11,5224
5,1,2,10,24,5,5,0.49,4,5223
1,3,5,5,21,3,5,0.35,20,5223
4,2,3,8,20,4,3,0.77,8,5223
4,1,2,10,23,3,5,0.85,13,5222
3,3,4,15,16,4,3,0,16,5222
3,3,3,7,16,3,5,0.23,17,5221
2,4,3,8,16,3,6,0.71,3,5220
3,4,2,7,23,4,6,1,19,5219
5,1,4,15,23,3,5,0.9,6,5218
4,4,3,6,15,4,6,0.66,11,5216
5,2,1,10,16,2,5,0.23,13,5216
4,1,3,6,15,5,3,0.2,10,5215
4,1,1,13,12,2,3,0.7,17,5214
3,4,5,15,21,2,2,0.23,18,5214
3,3,5,6,10,2,4,0.93,8,5212
3,1,2,13,20,5,5,0.76,17,5211
3,4,2,8,18,3,2,0.52,6,5210
1,4,2,8,16,3,3,0.97,8,5208
1,1,2,14,14,2,3,0.83,9,5208
1,2,2,14,24,3,2,0.37,18,5208
5,4,3,5,13,4,6,0.78,12,5207
5,5,4,12,20,5,4,0.67,18,5206
5,1,3,11,20,4,4,0.08,19,5206
3,2,3,12,20,4,6,0.66,6,5206
1,3,2,12,15,2,3,0.87,12,5205
5,3,4,12,19,4,5,0.18,16,5205
3,2,2,9,12,2,5,0.81,8,5204
5,3,1,10,19,4,5,0.24,5,5204
2,2,3,11,15,2,5,0.28,10,5203
4,2,5,8,10,3,2,0.82,19,5203
1,5,2,12,23,4,2,0.24,8,5202
4,5,4,7,17,4,3,0.49,16,5200
5,5,5,8,18,3,3,0.32,4,5200
5,1,1,12,13,4,5,0.57,19,5200
1,3,2,11,17,5,2,0.41,18,5200
1,3,2,10,11,5,3,0.27,10,5198
2,2,2,8,22,2,3,0.41,3,5196
2,4,2,5,17,3,2,0.13,5,5196
2,2,3,15,17,2,5,0.76,12,5196
3,5,2,11,14,2,3,0.21,11,5196
1,4,5,13,14,5,5,0.21,8,5193
5,3,2,12,25,4,5,0.97,5,5192
1,5,3,13,19,3,2,0.61,4,5192
2,2,2,11,10,4,5,0.87,10,5191
2,2,1,11,25,4,2,0.67,8,5191
5,5,5,7,14,5,3,0.61,10,5191
1,1,5,14,11,5,5,0.12,17,5188
2,3,1,8,14,5,5,0.52,11,5187
3,3,1,15,15,5,4,0.19,6,5186
2,5,1,10,22,5,6,0.34,20,5186
3,3,2,13,22,2,5,0.06,11,5185
1,1,2,11,10,3,5,0.6,8,5185
2,1,3,7,13,2,3,1,15,5185
4,3,3,6,15,5,2,0.16,17,5184
5,2,4,15,14,2,3,0.11,16,5182
1,1,1,10,21,2,2,0.39,3,5182
5,2,1,13,22,2,6,0.72,11,5181
3,1,3,10,10,5,4,0.04,6,5181
3,1,4,11,16,2,2,0.17,14,5180
1,4,3,7,22,3,5,0.69,14,5179
4,2,3,15,18,4,4,0.48,16,5179
4,1,4,11,14,2,2,0.8,3,5178
5,3,1,6,11,5,3,0.5,5,5178
2,5,2,11,12,2,6,0.41,15,5178
4,3,3,13,25,4,5,0.94,19,5177
1,1,5,8,16,4,3,1,16,5177
3,5,2,14,22,5,3,0.06,20,5177
4,2,2,13,18,2,3,0.11,9,5176
3,1,2,15,12,3,5,0.28,20,5176
2,1,5,10,12,4,5,0.47,19,5174
5,1,4,9,15,2,4,0.25,20,5174
3,4,2,9,11,3,4,0.8,20,5173
3,1,2,10,21,5,2,0.62,15,5173
3,2,4,5,15,2,5,0.26,15,5172
4,3,5,8,19,2,2,1,6,5172
2,1,5,9,22,4,5,0.75,9,5172
2,5,2,10,24,4,4,0.2,10,5172
3,2,3,9,23,5,4,0.55,18,5171
2,3,1,5,25,3,3,0.47,4,5171
2,1,1,9,18,2,6,0.12,10,5171
1,4,1,12,23,4,2,0.61,11,5167
4,5,1,8,10,3,2,0.5,18,5167
3,2,1,9,23,4,2,0.69,17,5166
3,1,2,6,24,3,2,0.73,6,5165
5,1,2,10,25,2,2,0.17,16,5164
1,2,5,10,11,4,6,0.98,11,5164
2,3,1,15,10,5,3,0.97,9,5163
4,2,3,8,20,2,6,0.83,11,5161
3,1,4,11,18,4,3,0.61,13,5161
2,2,3,6,12,2,5,0.86,10,5161
1,5,1,13,14,5,5,0.73,3,5161
3,4,2,8,17,4,5,0.1,6,5160
4,4,2,6,22,5,6,0,7,5159
4,3,3,13,14,5,2,0.98,13,5159
3,1,2,6,20,3,3,0.63,12,5158
4,3,3,13,20,2,3,0.77,7,5157
5,5,2,7,20,3,6,0.88,17,5157
3,1,2,15,11,2,5,0.63,20,5156
1,4,2,8,18,3,2,0.79,20,5156
2,1,1,10,11,5,6,0.82,8,5156
4,3,3,7,10,2,4,0.75,18,5155
2,5,5,5,18,4,2,0.88,15,5155
4,2,2,12,17,5,2,0.93,6,5155
1,3,1,7,19,4,3,0.38,4,5153
4,2,1,15,25,2,5,0.91,4,5153
4,1,4,9,19,3,2,0.61,15,5152
2,2,5,6,10,2,5,0.24,7,5151
2,1,4,7,13,4,5,0.07,6,5150
3,3,3,15,17,5,4,0.08,9,5149
3,5,5,9,23,5,4,0.32,4,5149
4,4,1,14,21,2,2,0.25,16,5148
1,2,5,9,24,3,2,0.91,19,5148
1,5,5,11,20,2,4,0.68,13,5147
1,4,2,7,21,5,4,0.17,4,5146
5,5,1,9,10,5,2,0.83,13,5145
3,5,5,9,10,5,6,0.93,12,5145
4,1,4,15,11,2,5,0.38,6,5145
2,2,4,8,23,5,3,0.5,16,5145
4,3,1,12,21,3,4,0.11,6,5145
2,5,2,14,25,5,2,0.8,4,5144
4,3,5,6,24,4,4,0.4,11,5143
5,1,2,5,24,2,6,0.96,6,5142
1,5,1,14,22,5,2,0.52,5,5141
4,4,1,10,18,5,4,0.15,9,5141
2,4,4,13,10,3,5,0.32,8,5141
5,5,1,6,17,3,2,0.48,13,5140
4,2,5,13,12,5,3,0.87,3,5140
2,3,2,9,25,2,4,0.87,19,5139
1,5,4,5,10,2,2,0.26,7,5138
4,4,2,6,13,5,6,0.86,9,5138
2,1,1,13,13,3,5,0.2,7,5138
1,1,2,5,15,2,5,0.86,14,5138
1,5,1,14,11,3,5,0.59,15,5136
3,3,1,8,15,4,2,0.2,17,5135
2,1,5,8,24,5,3,0.36,18,5135
4,4,4,6,25,5,3,0.09,14,5134
1,1,2,6,17,2,3,0.54,20,5133
1,3,2,15,18,2,5,0.21,3,5131
4,3,3,9,19,3,2,0.29,11,5130
2,1,5,15,11,3,3,0.41,3,5128
3,5,2,9,15,3,3,0.08,4,5128
3,2,3,12,17,5,4,0.22,11,5128
4,3,4,11,25,4,3,0.05,12,5126
1,4,1,13,20,5,2,0.38,12,5125
4,5,1,5,14,2,6,0.73,8,5125
1,1,1,14,19,3,6,0.27,8,5124
5,4,5,5,21,2,6,0.22,4,5124
3,2,5,7,19,3,3,0.69,14,5118
1,3,2,15,19,5,6,0.15,13,5118
1,1,4,9,18,5,6,0.21,15,5117
5,4,3,14,13,2,3,0.81,10,5117
3,5,4,7,25,5,2,0.89,8,5116
4,3,4,15,21,5,2,0.34,19,5115
2,4,5,10,13,5,5,0.74,9,5115
4,2,1,11,21,2,5,0.3,18,5115
2,4,2,13,17,4,5,0.4,15,5114
1,1,5,8,19,2,6,0.11,17,5113
1,5,3,13,22,5,6,0.8,7,5112
4,1,5,12,18,3,5,0.56,10,5110
5,3,2,10,16,5,3,0.76,5,5109
3,4,4,7,15,5,2,0.58,3,5107
3,2,5,5,19,2,3,0.13,20,5107
2,4,5,8,25,3,6,0.71,6,5107
1,2,2,5,15,3,6,0.12,7,5107
5,2,5,14,10,2,3,0.18,9,5103
2,1,5,13,17,4,6,0.03,9,5102
4,1,1,10,12,2,6,0.75,9,5101
1,1,3,14,14,4,3,0.48,7,5101
2,4,3,11,16,5,4,0.04,3,5101
4,4,4,15,20,4,4,0.04,18,5101
5,4,3,10,21,4,2,0.87,3,5100
3,5,5,8,15,2,5,0.9,8,5100
3,1,2,12,17,5,6,0.07,10,5099
2,3,2,7,16,5,6,0.77,7,5097
5,4,1,5,25,5,4,0.69,7,5096
3,1,1,8,15,4,3,0.4,13,5095
5,5,4,8,11,4,2,0.06,13,5092
2,4,4,7,24,2,5,0.49,7,5092
4,4,4,9,11,5,2,0.33,16,5089
2,2,1,7,10,5,5,0.33,16,5089
1,5,5,8,21,2,3,0.13,14,5088
4,1,2,12,11,2,4,0.18,5,5087
4,1,5,15,10,3,6,0.98,14,5086
4,2,1,11,15,5,2,0.01,11,5085
1,1,3,6,15,3,4,0.45,20,5085
4,5,3,12,16,4,2,0.38,13,5085
4,3,3,13,18,2,4,0.83,15,5084
1,4,1,6,15,2,2,0.84,11,5083
2,2,3,9,11,3,2,0.37,16,5083
2,1,5,8,22,5,4,0.61,12,5082
5,5,4,13,22,5,4,0.51,4,5082
1,3,3,11,11,5,5,0.4,17,5081
3,4,1,10,16,5,5,0.38,15,5081
4,2,3,7,12,2,3,0.28,5,5080
2,3,5,15,18,3,4,0.81,8,5080
5,4,1,13,24,5,6,0.55,9,5080
4,3,3,8,12,4,4,0.11,14,5079
4,3,5,10,20,5,4,0.5,20,5079
2,3,4,15,24,4,2,0.71,15,5078
4,3,3,13,13,3,4,0.35,6,5077
1,1,2,6,15,5,2,0.45,20,5075
3,2,3,11,10,5,3,0.51,16,5072
2,3,2,11,10,3,5,0.77,14,5072
4,5,1,15,11,3,2,0.52,15,5071
5,4,2,8,20,5,6,0.01,4,5070
3,2,5,12,16,2,5,0.96,9,5070
2,1,4,9,20,2,5,0.63,18,5069
1,2,3,5,16,2,4,0.31,15,5069
3,1,2,9,14,3,3,0.05,6,5068
4,4,4,13,14,4,6,0.25,16,5064
5,2,5,10,15,4,3,0.3,17,5060
2,1,4,11,23,2,3,0.35,11,5060
2,1,3,13,16,5,3,0.46,13,5059
2,5,4,7,15,3,6,0.36,7,5059
2,2,1,7,19,4,5,0.74,10,5058
4,5,5,11,14,5,3,0.29,6,5057
4,3,3,7,24,2,6,0.07,7,5056
3,5,3,7,13,2,4,0.8,14,5056
1,5,4,12,14,3,3,0.97,5,5054
1,4,5,9,22,5,3,0.36,20,5053
4,3,3,5,10,3,3,0.59,14,5053
4,5,4,7,24,5,4,0.55,6,5052
1,4,5,8,23,4,3,0.47,7,5051
5,3,3,11,10,2,2,0.14,14,5050
5,5,2,7,19,3,2,0.85,19,5050
1,3,5,5,24,5,3,0.11,20,5049
2,5,5,14,23,2,3,0.42,19,5049
5,1,2,10,21,4,5,0.2,8,5048
4,3,1,10,13,4,4,0.29,19,5048
2,4,5,5,20,3,3,0.73,17,5048
4,1,2,15,14,5,5,0.59,19,5047
2,5,3,6,18,5,3,0.59,14,5047
5,5,2,14,14,3,6,0.84,6,5047
1,3,1,15,10,2,3,0.99,20,5046
1,3,1,8,10,5,2,0.53,20,5046
3,2,1,8,22,5,5,0.52,12,5046
5,1,5,10,25,4,4,0.68,15,5045
2,5,4,15,24,2,3,0.19,13,5045
2,5,1,10,12,4,5,0.5,10,5044
4,1,5,13,12,4,2,0.94,13,5044
3,3,2,5,20,2,5,0.95,11,5044
1,1,5,15,13,5,2,0.13,12,5043
4,3,2,11,22,2,5,0.84,5,5042
1,4,1,15,13,2,3,0.6,19,5042
1,3,2,5,19,4,2,0.93,4,5042
3,2,3,5,10,3,6,0.85,14,5042
4,3,3,15,25,5,4,0.79,20,5041
5,1,1,9,18,5,5,0.9,4,5041
2,5,1,6,21,3,6,0.22,11,5040
1,5,1,10,14,4,5,0.87,19,5039
5,2,4,6,14,5,3,0.42,4,5038
4,5,2,5,14,3,4,0.89,15,5038
4,3,1,8,20,4,2,0.4,5,5037
1,1,3,6,16,5,4,0.4,15,5036
1,5,1,15,10,3,2,0.89,18,5035
4,3,5,9,23,3,4,0.69,15,5035
5,2,4,5,17,4,2,0.91,19,5034
2,5,2,9,10,4,5,0.47,15,5034
4,1,1,14,21,4,3,0.2,18,5033
3,3,1,7,25,2,2,0.14,8,5032
2,5,5,12,10,4,3,0.97,15,5032
2,1,4,7,21,5,5,0.69,8,5031
1,4,3,8,17,2,5,0.81,6,5030
4,1,4,7,11,4,5,0.03,4,5030
2,1,1,11,12,3,6,0.85,4,5030
1,4,4,12,11,4,3,0.4,12,5030
4,1,2,7,21,5,2,0.28,6,5028
3,5,3,13,20,4,6,0.8,18,5028
1,4,4,9,24,2,4,0.12,12,5027
2,2,2,15,21,4,4,0.24,20,5024
5,4,3,13,11,4,6,0.56,13,5024
1,2,4,9,13,3,6,0.66,13,5023
5,5,4,14,19,3,5,0.27,6,5023
3,3,2,7,10,3,5,0.89,17,5021
3,5,4,15,19,5,2,0.93,3,5021
2,1,4,8,18,3,6,0.33,19,5020
5,2,5,14,12,3,5,0.36,14,5020
3,2,1,14,24,5,5,0.04,13,5019
1,5,5,5,19,4,3,0.2,5,5019
2,3,5,13,12,2,2,0.99,9,5018
4,2,2,6,25,5,3,0.06,7,5017
2,4,5,8,14,5,5,0.54,15,5017
3,2,4,6,18,5,5,0.88,15,5016
1,5,2,15,22,4,3,0.41,16,5015
5,2,1,11,21,4,6,0.23,15,5015
1,2,3,11,16,2,4,0.87,17,5015
4,2,3,7,13,5,6,0.46,15,5014
1,3,2,7,21,3,3,1,19,5012
5,5,3,12,17,4,6,0.16,11,5012
2,5,4,13,25,5,5,0.51,12,5012
5,2,4,7,25,4,6,0.03,19,5011
4,5,3,12,17,4,2,0.21,8,5010
5,2,3,10,14,4,2,0.28,9,5009
4,3,1,12,20,5,6,0.44,5,5005
1,1,2,9,20,2,4,0.69,10,5005
1,4,1,14,23,5,2,0.93,20,5004
5,3,5,9,21,4,6,0.85,18,5003
2,3,1,13,24,5,6,0.42,19,5002
3,1,2,8,25,2,5,0.68,19,5001
2,4,2,9,19,4,6,0.8,11,5001
1,5,1,8,17,5,5,0.3,14,5000
3,4,2,5,11,2,4,0.18,8,5000
2,3,4,8,16,3,5,0.55,4,4999
5,1,2,10,13,5,6,0.01,15,4998
2,2,2,9,19,4,5,0.97,17,4997
1,2,3,6,16,2,5,0.06,17,4997
4,4,5,15,18,2,2,0.74,3,4996
4,5,5,12,21,5,2,0.44,17,4995
1,1,4,9,15,3,2,0.03,16,4995
1,3,4,9,25,3,4,0.09,11,4994
1,2,2,12,24,5,5,0.88,11,4994
1,3,1,12,10,3,4,0.83,17,4993
2,5,2,7,18,4,4,0.2,11,4991
5,2,1,15,23,3,5,0.29,3,4990
3,5,4,5,23,3,5,0.45,10,4989
2,5,2,8,12,2,3,0.04,13,4989
4,2,5,11,13,4,3,0.37,3,4989
4,3,4,15,17,3,2,0.04,8,4988
4,3,2,7,18,2,2,0.72,11,4987
3,4,5,9,14,5,5,0.94,10,4986
5,4,1,12,15,5,5,0.54,12,4985
5,4,5,9,23,2,6,0.42,3,4985
1,5,1,15,25,4,4,0.13,10,4982
3,3,5,8,15,4,5,0.11,13,4982
4,3,1,14,15,5,6,0.83,12,4981
5,3,2,13,10,2,6,0.54,14,4980
1,4,2,6,22,2,5,0.52,7,4978
3,3,4,6,18,5,4,0.35,6,4978
2,5,3,11,11,5,2,0.29,8,4977
2,1,4,15,22,4,3,0.16,12,4977
5,1,2,12,25,4,6,0.15,20,4976
1,2,4,14,16,3,5,0.83,13,4976
5,2,4,6,12,4,5,0.29,13,4975
5,1,3,7,25,4,2,0.57,3,4973
2,4,1,5,20,2,5,0.9,8,4971
4,4,2,15,16,5,2,0.19,8,4969
5,3,3,5,22,4,2,0.25,15,4968
4,4,4,8,13,3,3,0.32,14,4967
1,1,4,5,11,3,3,0.1,10,4966
1,1,1,9,20,2,5,0.6,18,4966
1,1,1,10,17,3,6,0.09,5,4965
3,3,2,13,20,4,2,0.04,13,4965
2,2,4,6,14,2,4,0.81,8,4964
5,1,5,11,10,4,2,0.04,13,4963
3,1,4,8,11,2,4,0.72,10,4963
4,2,2,8,10,3,3,0.56,19,4963
3,3,3,7,24,2,6,0.14,18,4962
1,3,2,7,24,2,3,0.53,15,4962
2,4,3,6,24,2,6,0.09,7,4960
5,4,4,7,14,4,4,0.63,3,4960
4,3,4,5,22,5,2,0.83,3,4958
4,1,4,14,11,3,4,0.26,16,4958
3,4,4,8,14,5,4,0.27,8,4957
5,5,4,9,13,4,3,0.62,7,4955
3,1,3,10,11,4,5,0.12,4,4953
4,2,5,5,23,4,3,0.26,20,4952
5,4,2,11,25,4,5,0.48,3,4951
4,2,3,12,15,5,3,0.45,16,4950
5,4,2,13,23,5,6,0.79,12,4948
1,4,3,15,12,3,4,0.35,6,4946
5,3,5,14,12,4,6,0.08,18,4946
3,5,5,15,14,5,4,0.18,5,4945
4,1,5,14,12,2,3,0.74,3,4944
5,1,3,7,24,4,2,0.6,7,4944
3,2,1,7,24,4,2,0.56,15,4944
2,5,5,8,16,3,3,0.8,13,4943
1,2,3,6,23,4,6,0.07,10,4943
3,3,5,15,17,4,2,0.2,8,4943
2,5,3,5,23,2,4,0.9,13,4943
3,4,2,11,14,3,4,0.89,19,4942
1,1,3,11,10,2,6,0.48,14,4942
3,1,5,5,25,4,4,0.36,20,4942
4,2,1,12,18,5,6,0.79,3,4941
2,5,3,15,11,5,5,0.15,3,4939
2,1,4,11,15,5,2,0.27,19,4938
4,3,4,13,24,2,5,0.08,9,4938
1,1,1,13,20,3,3,0.73,9,4937
2,3,4,13,15,2,5,0.48,12,4937
3,4,4,5,24,4,3,0.92,19,4937
2,4,2,6,14,2,2,0.49,5,4937
5,1,1,10,15,4,6,0.05,19,4936
5,5,1,15,19,2,4,0.06,6,4936
2,2,1,11,17,5,3,0.71,18,4936
2,2,1,10,10,3,6,0.61,19,4934
3,5,3,5,16,5,4,0.22,9,4933
3,4,1,7,18,4,6,0.58,19,4932
3,2,4,8,16,3,6,0.3,6,4932
1,3,1,6,24,5,4,0.82,20,4931
5,5,1,15,11,2,3,0.28,9,4931
5,1,2,8,13,5,2,0.51,10,4931
3,1,2,6,15,5,6,0.32,18,4929
2,4,3,8,20,3,4,0.41,14,4929
3,3,1,8,24,4,6,0.32,10,4928
2,1,1,7,23,5,4,0.73,10,4925
3,2,5,7,17,2,6,0.15,3,4925
5,1,3,8,16,3,4,0.02,4,4925
1,1,4,15,14,3,3,0.99,16,4924
4,1,1,7,25,4,2,0.14,15,4924
1,1,4,15,16,4,5,0.67,13,4923
4,3,4,12,14,2,2,0.69,10,4923
5,3,4,13,20,2,4,0.27,13,4922
5,5,2,5,19,5,5,0.52,11,4921
5,1,5,5,18,2,2,0.55,8,4918
2,5,4,5,12,3,5,0,13,4916
1,4,4,14,24,3,3,0.75,20,4915
2,3,5,10,21,3,4,0.41,6,4909
5,2,4,15,19,2,2,0.43,17,4909
4,3,4,7,14,4,4,0.22,20,4908
5,4,4,10,23,5,5,0.89,17,4906
1,1,2,10,20,2,5,0.07,11,4906
5,3,5,12,16,3,2,0.94,9,4906
5,3,3,8,20,3,3,0.02,15,4906
3,3,3,8,10,5,3,0.02,9,4905
1,1,3,14,11,5,5,0.15,13,4904
5,1,3,14,21,3,4,0.74,20,4904
4,2,3,5,14,2,4,0.57,17,4904
1,1,1,5,10,5,4,0.2,6,4903
2,5,2,10,24,3,6,0.02,17,4903
4,5,3,11,24,5,6,0.14,15,4903
2,3,5,5,15,5,4,0.3,11,4902
3,5,1,10,25,4,3,0.93,6,4901
1,2,1,15,21,3,4,0.88,14,4900
1,3,4,11,18,5,4,0.58,15,4897
1,4,5,8,14,3,2,0.12,9,4896
4,4,3,13,20,2,6,0.11,14,4896
2,4,1,5,17,4,3,0.22,11,4896
3,2,1,12,11,3,3,0.96,16,4896
4,4,1,11,12,4,2,0.32,7,4895
1,4,2,14,22,2,2,0.96,8,4895
2,4,2,7,22,3,5,0.35,17,4895
5,1,1,6,16,3,5,0.21,20,4895
1,4,5,15,10,2,2,0.05,10,4894
4,4,2,5,20,2,5,0.18,3,4894
4,5,4,13,16,3,5,0.05,5,4894
1,4,1,7,13,5,6,0.85,4,4893
1,2,2,5,10,2,4,0.08,10,4893
4,5,3,6,11,4,3,0.34,20,4893
1,4,1,12,24,5,2,0.93,8,4892
3,1,4,5,23,2,2,0.24,11,4891
5,5,1,10,16,2,3,0.47,3,4890
2,4,1,13,16,3,6,0.26,7,4887
3,1,2,10,15,5,3,0.82,14,4885
1,3,4,10,14,3,2,0.43,20,4885
1,5,1,11,17,5,5,0.56,5,4883
2,4,1,11,11,3,4,0.12,13,4883
2,2,2,12,13,3,3,0.71,19,4883
2,1,2,10,10,3,3,0.18,10,4882
5,2,5,13,23,2,5,0.75,3,4878
1,5,2,7,21,4,5,0.22,15,4878
5,1,1,7,12,5,2,0.6,11,4877
3,2,5,13,17,2,3,0.93,18,4875
2,2,3,6,24,3,5,0.87,7,4875
5,2,1,13,23,5,3,0.73,16,4875
4,1,4,5,25,3,3,0.87,9,4873
2,2,5,13,20,2,2,0.77,6,4872
1,1,3,12,22,5,5,0.84,4,4872
1,5,4,7,17,3,3,0.14,4,4871
4,1,2,10,22,3,4,0.14,17,4870
4,5,1,14,12,2,4,0.4,17,4870
5,2,2,9,11,4,4,0.12,12,4869
3,1,2,12,19,2,2,0,20,4869
2,3,3,8,24,5,5,0.73,16,4869
1,3,3,12,16,4,2,0.25,13,4869
5,3,1,9,17,5,2,0.38,16,4868
5,4,4,14,12,5,2,0.31,17,4867
5,4,1,5,23,4,5,0.65,18,4866
5,5,2,12,18,3,6,0.38,12,4866
1,2,5,8,14,4,5,0.39,15,4863
1,2,5,15,15,5,5,0.19,20,4862
3,5,3,15,24,3,4,0.65,13,4861
5,5,4,14,17,5,2,0.48,19,4861
4,4,2,11,20,3,6,0.67,6,4861
2,4,5,14,18,2,3,0.68,20,4858
5,1,5,9,21,2,5,0.78,15,4858
4,3,3,7,20,5,4,0.78,18,4857
4,4,2,6,19,5,2,0,13,4857
2,3,4,11,14,4,4,0.22,11,4856
1,4,3,11,12,4,5,0.2,20,4852
4,4,4,5,17,2,5,0.5,10,4851
5,2,3,13,16,2,4,0.59,10,4851
1,1,1,5,11,4,6,0.06,3,4851
3,4,1,5,19,4,4,0.29,17,4849
3,2,2,14,13,2,4,0.53,12,4848
1,4,4,7,23,5,4,0.53,4,4848
3,2,1,8,16,5,2,0.62,17,4848
3,5,4,9,25,4,2,0.18,3,4848
4,2,1,7,24,3,5,0.51,7,4846
1,1,3,9,19,2,4,0.88,15,4846
2,2,1,9,13,3,3,0.26,18,4845
5,3,5,6,19,2,4,0.16,11,4844
3,2,2,9,21,2,5,0.98,5,4844
2,1,2,12,18,3,4,0.2,9,4843
1,5,1,14,12,3,4,0.87,11,4839
5,3,3,11,23,2,2,0.19,18,4837
3,1,4,12,13,2,5,0.4,17,4837
5,3,1,6,17,2,6,0.9,7,4837
1,5,5,12,15,5,3,0.48,14,4837
5,1,4,5,14,4,4,0.22,8,4836
4,2,1,12,13,2,5,0,15,4834
1,1,1,11,16,3,6,0.59,9,4833
2,2,1,11,13,2,4,0.21,12,4832
1,4,2,10,21,4,5,0.8,9,4832
5,5,1,15,17,3,3,0.03,6,4830
3,5,1,8,19,2,4,0.35,18,4830
2,2,2,5,13,4,2,0.05,3,4830
2,4,2,14,23,2,3,0.59,5,4830
5,4,2,6,12,4,3,0.86,12,4830
1,1,2,5,25,5,6,0.97,16,4829
5,5,4,14,17,5,6,0.25,15,4827
5,1,1,7,11,4,4,0.6,5,4826
1,5,4,5,23,5,5,0.37,11,4825
4,1,1,7,16,2,2,0.56,14,4824
1,3,1,5,16,3,5,0.43,6,4824
2,4,4,7,24,5,4,0.17,3,4823
1,5,2,5,19,4,6,0.26,11,4822
2,4,3,10,20,4,2,0.2,16,4820
1,5,2,15,24,2,3,0.99,15,4820
1,3,4,7,20,3,4,0.26,6,4820
1,5,4,11,16,3,6,0.45,3,4819
3,3,2,12,25,4,5,0.51,16,4819
2,1,3,15,23,2,4,0.54,4,4819
2,1,3,7,11,5,3,0.39,8,4818
2,1,3,7,11,2,5,0.14,3,4818
5,1,5,5,19,4,3,0.11,9,4816
4,2,1,10,25,2,2,0.6,7,4816
3,3,5,12,22,2,2,0.33,6,4815
4,2,4,14,15,5,2,0.26,3,4815
3,4,4,13,18,5,4,0.66,11,4813
2,3,2,11,10,5,2,0.4,13,4813
1,3,1,10,24,5,4,0.97,11,4812
5,2,1,7,19,3,5,0.46,6,4810
1,1,3,12,17,4,2,0.99,12,4810
2,2,4,14,10,3,5,0.11,8,4810
4,3,2,6,11,3,6,0.28,5,4810
5,1,5,14,13,3,6,0.18,8,4808
5,2,1,10,17,4,5,0.89,16,4807
2,2,3,13,20,2,2,0.05,19,4803
1,2,5,9,11,5,6,0.36,16,4803
2,4,2,10,21,4,4,0.22,12,4802
3,3,2,5,10,5,4,0.56,13,4801
3,2,3,14,11,2,4,0.62,9,4801
1,5,2,15,15,2,4,0.59,12,4797
2,4,2,12,13,3,3,0.16,9,4796
1,3,1,8,16,3,4,0.93,9,4795
1,3,3,8,16,4,5,0.58,14,4795
2,4,4,15,21,3,4,0.81,16,4794
2,4,4,6,25,2,4,0.19,4,4794
5,1,1,15,13,5,5,0.14,17,4792
4,1,4,14,23,5,3,0.52,19,4792
5,5,4,8,14,2,2,0.47,19,4792
4,4,4,6,15,3,6,0.7,12,4792
5,5,3,7,15,5,5,0.26,17,4791
4,3,4,10,18,3,4,0.95,10,4788
5,4,1,7,22,2,4,0.29,17,4787
1,1,1,12,11,3,4,0.74,6,4786
3,3,4,10,25,4,3,0,9,4785
5,1,1,11,19,3,6,0,14,4784
1,5,4,12,25,4,4,0.3,6,4784
1,1,4,10,14,5,2,0.04,10,4784
5,1,3,15,18,4,5,0.67,11,4783
1,1,3,11,14,2,3,0.92,3,4781
3,5,3,6,19,5,6,0.76,16,4781
4,5,4,13,16,4,5,0.81,17,4781
2,1,4,13,10,4,6,0.04,19,4779
5,1,1,7,11,5,2,0.94,8,4779
3,1,5,11,11,5,6,0.49,7,4778
5,1,1,9,15,5,4,0.03,17,4778
5,3,2,11,14,5,6,0.43,9,4776
1,1,5,10,11,5,3,0.83,13,4776
4,2,4,7,14,3,3,0.58,3,4775
4,5,3,14,20,4,3,0.74,17,4774
5,3,1,7,20,2,2,0,10,4772
4,3,1,14,19,2,2,0.17,18,4772
2,1,1,13,25,3,4,0.05,5,4772
1,1,1,13,10,4,5,0.64,9,4771
3,1,3,7,19,4,4,0.02,15,4768
3,5,2,6,24,2,6,0.3,9,4768
2,4,2,12,11,2,6,0.23,11,4767
4,5,1,14,23,5,4,0.65,20,4766
2,2,3,11,23,2,5,0.18,18,4765
1,2,1,15,14,2,2,0.52,12,4765
2,5,5,9,25,2,2,0.9,13,4764
2,3,2,6,20,4,5,0.93,12,4763
4,3,5,7,24,2,6,0.09,3,4762
2,4,4,8,24,2,2,0.69,5,4762
1,1,3,15,20,4,5,0.44,6,4761
2,1,5,6,14,5,4,0.59,5,4761
1,3,4,11,20,5,6,0.89,19,4760
3,4,2,14,15,3,3,0.36,14,4760
3,4,2,13,23,5,4,0.25,16,4758
2,5,3,8,15,2,6,0.36,20,4757
2,1,1,13,17,2,4,0.48,19,4756
3,4,1,7,10,4,5,0.05,14,4756
1,2,2,7,24,4,5,0.72,11,4755
1,3,2,11,13,3,3,0.01,16,4755
5,3,5,9,23,4,4,0.86,4,4750
1,2,4,8,15,3,6,0.34,17,4749
4,3,2,15,24,2,2,0.14,12,4748
1,3,1,8,11,5,5,0.06,10,4746
1,1,3,11,10,3,3,0.37,15,4745
1,5,3,12,18,4,4,0.08,14,4745
1,1,4,8,22,3,2,0.47,7,4743
5,4,5,6,15,5,4,0.42,13,4743
2,5,3,9,13,3,5,0.36,4,4742
3,2,3,10,10,4,5,0.89,4,4739
1,5,3,7,13,3,5,0.09,18,4738
3,2,4,9,25,3,5,0.61,19,4738
3,3,1,13,10,3,4,0.87,17,4735
4,1,5,7,12,5,6,0.84,15,4734
2,5,4,13,18,3,5,0.8,7,4732
4,5,3,10,19,4,4,0.02,11,4730
2,3,1,14,24,3,5,0.98,3,4730
4,3,2,6,25,3,6,0.64,12,4730
1,5,4,11,10,2,4,0.99,19,4726
1,1,5,11,16,5,5,0.26,19,4725
1,2,2,7,15,2,3,0.17,10,4724
3,3,5,5,23,4,3,0.56,17,4723
4,5,2,13,23,2,5,0.61,15,4722
5,4,1,12,22,2,4,0.62,14,4722
3,2,5,8,18,5,5,0.8,17,4721
1,5,3,6,23,3,4,0.05,3,4720
1,1,4,12,18,3,4,0.7,17,4720
2,5,3,5,24,4,2,0.5,13,4718
5,4,5,6,13,2,3,0.61,20,4718
4,5,1,6,22,2,6,0.04,12,4715
2,1,4,6,16,5,3,0.02,12,4714
4,3,5,12,24,3,6,0.87,12,4712
2,1,2,15,15,3,3,0.72,15,4712
1,2,5,12,21,3,4,0.35,20,4711
2,2,3,12,12,5,5,0.7,10,4710
3,4,1,7,22,4,3,0.51,5,4708
1,4,1,5,25,5,2,0.59,11,4706
4,1,3,7,15,4,3,0.26,7,4706
3,2,5,15,17,4,6,0.06,17,4704
5,3,5,11,10,2,5,0.59,15,4704
5,1,3,12,14,5,6,0.64,3,4704
2,4,2,8,14,5,5,0.76,3,4703
5,1,2,14,23,5,5,0.05,10,4703
1,1,5,10,18,5,5,0.06,5,4703
3,3,1,6,19,4,2,0.13,6,4700
3,1,1,12,18,2,3,0.49,8,4698
1,1,3,6,11,2,5,0.06,12,4696
3,2,2,10,11,2,4,0.32,3,4696
1,5,5,5,16,4,4,0.85,11,4696
4,1,5,12,17,5,6,0.64,12,4693
3,5,5,11,14,5,6,0.25,7,4692
1,2,2,12,14,5,6,0.84,15,4690
2,5,4,7,16,3,3,0.28,19,4687
1,2,4,14,21,5,3,0.3,6,4686
3,3,1,14,19,2,2,0.36,18,4685
2,2,4,6,12,5,2,0.04,3,4685
2,1,1,7,18,3,6,0.15,14,4684
2,1,2,12,15,5,5,0.43,17,4681
4,5,3,11,21,4,4,0.01,19,4681
2,4,4,11,20,4,5,0.7,14,4681
4,4,3,14,14,5,2,0.34,6,4681
1,3,1,12,18,4,4,0.85,16,4680
4,1,2,7,19,2,5,0.19,10,4679
2,2,2,9,16,2,2,0.93,8,4678
2,5,2,13,12,3,2,0.14,16,4678
1,2,5,13,13,3,3,0.42,10,4677
4,3,3,8,19,4,6,0.65,18,4675
3,3,1,11,15,3,5,0.95,13,4675
3,2,5,9,23,4,3,0.83,10,4674
4,4,5,9,23,4,2,0.08,6,4674
2,4,4,13,22,4,5,0.41,15,4673
3,5,2,11,13,2,6,0.64,6,4671
2,2,1,5,21,4,4,0.73,19,4670
1,1,2,6,22,3,5,0.6,11,4669
3,5,3,9,21,2,4,0.28,3,4668
1,1,5,5,22,5,4,0.85,19,4667
1,5,4,8,12,3,4,0.1,8,4666
3,1,2,10,17,2,6,0.91,18,4664
2,1,1,14,14,5,3,0.19,9,4664
3,3,4,11,10,5,6,0.36,9,4662
1,3,2,5,15,3,3,0.29,3,4661
3,3,2,9,25,5,2,0.88,3,4660
3,3,2,14,15,4,5,0.67,8,4659
4,4,1,6,16,4,4,0.27,4,4659
2,1,2,8,14,3,6,0.25,6,4659
1,3,2,15,23,2,2,0.9,4,4657
5,1,2,12,25,5,6,0.51,18,4657
3,5,4,8,21,4,3,0.09,15,4657
5,4,4,6,10,5,4,0.94,4,4656
2,2,4,9,25,4,2,0.3,11,4655
4,5,5,5,22,3,3,0.63,17,4654
1,4,2,7,18,5,4,0.41,12,4653
3,1,2,7,24,5,2,0.88,10,4653
1,2,4,10,11,2,3,0.17,5,4652
5,1,5,13,12,2,2,0.4,18,4651
1,3,1,12,19,4,5,0.71,10,4650
2,1,4,6,10,5,3,0.92,19,4649
1,1,2,13,10,4,4,0.26,12,4649
5,4,5,12,21,2,4,0.93,4,4649
1,1,3,10,14,3,2,0,8,4648
2,3,3,9,20,2,6,0.19,10,4648
5,3,3,5,10,3,6,0.13,9,4646
4,3,2,6,22,2,5,0.12,19,4646
4,2,2,14,18,5,4,0.66,19,4645
3,4,4,14,19,4,3,0.76,14,4645
2,1,3,8,23,5,2,0.17,10,4645
1,2,4,12,18,4,4,0.98,19,4644
2,1,5,6,12,2,4,0.27,6,4642
2,5,1,11,21,5,4,0.83,6,4642
3,1,2,12,25,5,6,0.23,18,4641
2,3,2,15,20,5,5,0.38,20,4639
1,4,5,15,20,3,3,0.52,20,4639
3,3,1,8,12,5,2,0.14,17,4638
5,2,4,6,15,4,2,0.01,12,4637
4,1,1,13,19,2,3,0.37,20,4634
5,1,3,15,14,2,6,0.72,3,4633
5,4,4,14,21,4,5,0.42,17,4632
3,2,4,6,11,5,4,0.7,18,4630
1,2,2,13,20,4,4,0.03,18,4629
5,2,2,15,13,4,3,0.59,7,4628
2,2,2,11,10,4,3,0.97,18,4628
5,5,1,8,12,3,2,0.33,7,4627
1,4,5,14,24,3,3,0.41,15,4625
4,3,3,7,14,3,2,1,15,4624
3,1,3,11,21,5,4,0.13,19,4623
2,2,1,13,11,5,3,0.88,14,4623
3,3,5,13,12,3,3,0.32,19,4623
3,2,3,7,19,5,6,0.29,5,4622
4,3,1,9,20,4,4,0.69,16,4621
3,4,1,14,15,5,5,0.57,14,4620
5,3,1,15,11,2,5,0.93,4,4619
2,5,3,15,21,2,6,0.18,10,4618
1,2,2,10,25,4,5,0.13,9,4616
5,5,2,10,15,2,6,0.69,20,4616
4,4,5,11,11,4,6,0.87,17,4614
1,2,2,12,22,2,5,0.96,13,4612
1,3,1,7,21,5,3,0.54,17,4612
5,5,3,13,20,4,3,0.67,14,4610
3,1,4,15,15,4,3,0.27,11,4610
5,3,2,11,12,4,4,0.94,12,4609
3,1,5,8,23,4,6,0.3,8,4608
4,4,3,10,18,4,2,0.24,8,4606
5,1,5,11,21,2,3,0.44,10,4606
4,3,5,12,22,3,6,0.81,9,4605
2,2,4,10,23,4,6,0.84,10,4604
2,5,4,13,14,2,5,0.06,6,4603
5,3,1,7,21,2,5,0.37,17,4598
1,4,4,8,20,5,4,0.45,14,4598
5,2,1,14,21,4,2,0.26,19,4597
4,5,4,12,14,3,5,0.18,3,4597
1,4,4,10,24,3,4,0.54,16,4595
5,3,4,15,10,2,6,0.64,16,4589
2,4,3,6,23,2,5,0.03,16,4588
2,4,3,9,13,4,6,0.59,11,4588
3,5,1,9,22,5,4,0.79,18,4585
4,1,4,5,10,5,2,0.93,18,4584
1,3,1,12,17,4,6,0.95,14,4580
3,3,3,13,24,5,6,0.84,12,4579
1,3,3,13,23,4,2,0.04,11,4578
2,4,2,13,18,3,3,0.94,15,4578
2,1,2,14,11,5,2,0.66,3,4577
1,3,2,11,12,4,3,0.54,18,4577
1,3,1,9,19,2,5,0.83,10,4574
5,2,4,7,20,5,5,0.65,19,4574
4,2,4,14,20,4,2,0.62,7,4572
5,3,3,6,15,5,5,0.14,15,4571
4,1,2,8,21,2,5,0.52,6,4570
4,4,3,15,19,5,5,0.26,5,4568
1,3,2,15,20,5,5,0.34,14,4568
5,4,5,11,10,3,3,0.62,8,4567
1,5,1,7,18,3,6,0.46,9,4566
2,1,1,10,21,3,6,0.7,19,4564
1,2,3,9,13,3,2,0.83,7,4564
3,4,3,8,23,3,5,0.26,14,4563
3,2,2,13,25,3,6,0.7,6,4562
2,2,5,8,23,4,3,0.78,20,4560
5,4,1,12,18,2,6,0.63,20,4554
2,5,2,12,23,4,4,0.75,8,4554
4,2,2,11,22,5,6,0.65,3,4552
1,4,1,13,15,5,2,0.43,13,4552
2,3,1,12,10,3,4,0.72,11,4552
4,3,4,12,24,5,6,0.65,20,4548
2,2,5,10,21,3,2,0.7,13,4547
4,1,3,5,10,5,5,0.15,7,4546
4,2,3,9,24,3,4,0.71,5,4538
5,3,2,8,23,3,2,0.63,4,4536
4,2,1,10,11,2,6,0.55,7,4536
4,5,4,8,17,3,6,0.15,8,4536
4,4,5,14,19,3,2,0.77,19,4536
1,2,4,5,20,5,2,0.62,4,4535
4,3,5,8,15,4,6,0.37,9,4533
3,1,1,6,23,3,5,0.91,10,4532
2,5,4,9,15,4,5,0.25,4,4532
4,4,4,13,12,3,6,0.13,12,4530
5,4,1,8,24,5,6,0.51,6,4530
4,1,4,5,20,2,4,0.01,6,4527
3,1,5,14,10,2,2,0.99,6,4525
2,2,5,9,20,3,5,0.54,11,4525
4,5,1,8,25,5,2,0.87,12,4524
1,3,5,14,12,5,6,0.94,19,4522
2,2,1,15,20,3,4,0.86,18,4518
2,2,3,5,20,2,3,0.54,15,4516
5,5,5,10,21,2,6,0.57,10,4515
4,3,2,8,15,2,5,0.73,6,4512
2,1,5,12,20,5,3,0.65,11,4511
4,1,3,9,23,5,2,0.28,17,4507
2,4,2,12,12,4,2,0.74,15,4506
3,3,4,6,15,3,5,0.26,3,4505
1,4,2,11,25,4,6,0.77,15,4504
3,4,1,15,21,3,3,0.48,16,4503
1,1,2,6,23,4,3,0.09,4,4503
2,3,1,14,24,3,4,0.97,9,4503
3,4,5,6,17,5,2,0.19,13,4499
2,4,4,13,17,3,3,0.69,20,4497
3,3,4,7,16,2,2,0.02,12,4497
1,1,1,12,18,2,2,0,5,4490
4,2,3,9,14,4,4,0.47,15,4485
5,5,3,11,21,2,3,0.91,9,4484
3,4,5,15,13,2,6,0.49,6,4484
1,4,4,8,25,4,5,0.79,11,4484
1,1,2,5,13,5,4,0.36,15,4480
1,2,5,14,15,3,4,0.08,18,4477
3,3,3,9,24,5,2,0.7,19,4477
3,2,5,5,17,2,6,0.51,13,4476
2,1,5,15,24,5,3,0.39,8,4474
5,1,4,7,22,5,5,0.89,8,4473
3,2,1,12,16,2,6,0.17,13,4472
3,1,2,5,12,3,4,0.71,10,4469
2,5,2,15,14,2,4,0.05,20,4463
2,5,2,5,17,4,6,0.46,17,4462
1,5,3,12,18,4,6,0.6,16,4462
3,3,1,14,17,5,4,0.72,14,4460
5,3,5,8,16,5,6,0.13,18,4458
2,4,3,9,18,2,3,0.07,17,4452
2,4,4,6,11,3,5,0.9,7,4452
3,1,1,6,23,5,5,0.09,7,4452
1,4,3,6,22,3,4,0.59,19,4447
4,2,1,9,16,4,5,0.2,18,4446
2,2,2,9,19,5,3,0.67,4,4442
1,1,1,8,21,5,6,0.28,10,4442
3,1,2,9,13,4,5,0.17,7,4442
3,3,2,5,16,3,6,0.6,4,4438
5,5,4,13,12,5,4,0.16,6,4436
4,1,5,12,16,3,2,0.65,13,4434
4,1,4,8,24,4,3,0.11,5,4434
4,1,4,9,13,3,6,0.48,5,4433
1,2,4,5,12,3,5,0.89,6,4432
5,3,1,6,15,5,4,0.96,5,4432
3,4,5,6,19,2,4,0.81,13,4430
1,4,1,5,18,2,2,0.75,18,4425
4,2,4,8,10,2,4,0.73,7,4425
2,4,5,11,15,4,2,0.7,9,4425
1,3,1,5,21,3,3,0,16,4425
2,4,5,8,18,3,2,0.51,19,4420
1,3,4,8,19,3,3,0.72,19,4419
2,2,4,12,13,4,5,0.6,5,4418
3,2,3,6,14,3,2,0.65,7,4416
3,5,2,9,24,5,3,0.23,15,4413
3,2,2,14,22,2,4,0.58,15,4411
1,5,5,15,19,5,3,0.74,7,4411
2,3,1,15,25,2,2,0.77,5,4409
2,3,5,6,10,4,6,0.09,3,4407
3,2,5,14,25,3,5,0.73,11,4406
1,5,5,15,20,4,3,0.77,16,4400
4,1,2,13,25,5,3,0.06,11,4398
2,3,1,6,19,2,6,0.17,19,4392
1,1,1,12,24,2,2,0.13,14,4390
5,4,4,9,10,2,3,0.91,13,4389
1,2,1,11,20,3,4,0.4,9,4387
4,4,3,13,15,3,5,0.87,18,4381
2,4,4,8,22,2,3,0.57,20,4381
2,4,1,12,10,3,5,0.1,20,4380
5,5,4,14,15,2,5,0.28,4,4375
2,4,1,12,21,3,3,0.68,18,4374
2,1,1,11,25,2,4,0.45,10,4370
3,5,2,7,22,4,2,0.85,13,4369
3,3,4,6,12,3,5,0.92,18,4365
1,5,1,7,10,3,4,0.6,10,4364
1,4,1,7,23,3,4,0.31,11,4358
3,2,4,6,11,3,5,0.18,5,4357
3,4,1,6,12,5,3,0.09,14,4357
4,1,3,13,12,3,5,0.2,4,4356
5,3,2,10,13,4,6,0.06,7,4352
2,3,2,5,20,3,5,0.9,6,4352
4,3,1,13,20,3,2,0.07,17,4348
5,4,2,8,13,3,5,0.35,12,4347
2,2,1,15,11,2,4,0.64,8,4344
2,5,2,8,24,3,5,0.08,8,4344
4,3,2,8,20,2,4,0.27,7,4343
3,3,4,15,18,4,3,0.17,7,4341
5,2,4,15,20,4,5,0.25,19,4340
2,2,4,9,10,5,2,0.93,20,4340
1,5,2,12,16,3,4,0.09,17,4339
1,3,5,7,16,5,2,0.26,7,4338
2,5,2,14,10,2,5,0.54,11,4330
1,5,4,8,18,4,3,0.5,16,4330
1,2,2,15,17,4,4,0.51,15,4328
2,1,5,8,12,4,3,0.15,18,4328
4,2,1,8,21,4,3,0.07,17,4327
3,2,1,13,23,2,6,0.43,5,4326
1,3,3,13,20,4,6,0.82,20,4324
4,2,5,7,11,4,4,0.79,11,4322
5,5,4,8,22,4,6,0.22,17,4321
3,5,1,13,10,5,5,0.88,20,4319
4,2,2,9,15,5,5,0.25,18,4317
5,4,2,5,22,5,5,0.87,18,4315
3,1,1,9,14,2,6,0.92,4,4308
5,3,3,11,16,3,6,0.25,12,4307
1,3,4,10,23,3,5,0.87,16,4307
5,5,1,11,25,2,4,0.34,20,4307
1,4,3,6,19,4,3,0.06,15,4303
3,3,4,12,16,3,2,0.85,5,4302
2,4,1,10,24,2,6,0.79,3,4301
4,5,2,9,21,2,6,0.9,5,4300
4,1,1,14,24,3,6,1,20,4300
1,1,5,9,21,4,5,0.26,16,4298
4,3,3,12,21,5,6,0.66,20,4294
1,3,5,12,18,2,2,0.31,6,4292
3,3,5,10,17,5,3,0.9,17,4285
4,4,4,9,14,3,6,0.2,14,4285
1,5,1,7,22,5,2,0.63,15,4283
5,5,4,7,13,4,2,0.93,7,4280
4,5,3,13,17,3,6,0.67,20,4277
3,2,4,8,20,5,3,1,14,4273
2,4,1,5,16,2,5,0.51,14,4273
2,3,3,6,24,5,2,0.08,20,4272
2,4,1,10,12,4,2,0.02,12,4271
5,4,3,7,17,3,3,0.49,8,4270
3,2,1,14,17,5,3,0.89,8,4269
5,5,1,15,11,5,2,0.25,16,4269
2,5,4,11,22,3,5,0.72,18,4268
2,4,3,13,19,3,3,0.59,5,4264
3,1,4,6,11,5,5,0.93,16,4262
2,2,5,7,17,4,5,0.54,11,4262
1,3,3,14,11,5,5,0.14,10,4260
2,3,3,14,15,2,6,0.81,13,4259
4,3,1,10,20,5,5,0.99,12,4258
2,4,2,13,15,3,6,0.83,19,4258
4,2,5,10,20,5,2,0.95,15,4255
1,3,5,13,11,4,6,0.75,18,4249
4,3,5,10,15,2,5,0.76,4,4248
5,2,5,11,16,2,6,0.01,20,4248
5,5,5,7,16,4,3,0.24,18,4247
5,4,3,10,16,5,4,0.37,12,4247
3,3,2,9,24,4,5,0.28,16,4247
4,1,1,7,12,4,4,0.1,19,4244
2,2,1,5,24,3,3,0.13,3,4241
5,3,4,12,13,3,3,0.38,6,4241
5,2,5,13,16,5,5,0.45,5,4234
2,3,1,15,23,5,2,0.81,13,4231
2,5,4,8,13,3,5,0.7,20,4231
3,5,3,13,24,5,6,0.29,17,4229
3,4,5,10,10,5,2,0.43,19,4229
5,5,4,6,13,5,3,0.86,16,4227
4,2,2,10,21,2,3,0.85,16,4224
3,1,1,9,13,4,4,0.99,8,4223
1,5,2,14,10,5,3,0.21,19,4221
4,5,1,8,16,3,3,0.93,16,4220
5,4,2,5,25,3,6,0.58,5,4217
2,2,5,7,23,5,3,0.46,8,4217
2,4,1,14,22,2,6,0.24,10,4216
3,2,1,6,17,2,4,0.35,5,4209
1,4,4,11,19,2,6,0.37,15,4208
5,5,4,9,15,4,5,0.5,4,4201
3,3,5,15,16,2,3,0.88,7,4195
2,5,4,7,22,5,4,0.59,16,4184
1,2,3,7,24,2,2,0.81,17,4183
1,2,2,7,15,3,2,0.37,13,4183
2,4,3,7,15,5,4,0.71,5,4181
5,2,4,8,15,2,3,0.25,4,4175
2,4,4,15,13,2,2,0.68,10,4174
2,4,5,6,24,4,6,0.88,17,4172
1,4,1,12,11,2,6,0.82,18,4170
4,3,4,9,25,3,6,0.61,8,4168
1,2,4,15,18,3,2,0.45,4,4168
5,5,3,9,14,4,6,0.26,19,4167
4,2,3,9,23,5,4,0.61,10,4166
5,2,3,15,15,2,5,0.86,5,4164
4,4,4,6,22,4,4,0.67,10,4162
1,4,2,9,15,4,6,0.35,8,4157
4,5,4,7,20,5,5,0.34,12,4155
3,4,4,8,11,5,3,0.05,17,4152
5,2,2,8,19,2,2,0.36,11,4149
1,4,5,15,20,5,5,0.99,19,4147
4,5,5,14,16,4,5,0.9,14,4144
4,5,3,10,14,3,6,0.22,18,4142
4,3,3,14,16,2,5,0.38,11,4137
2,5,4,6,16,2,5,0.88,11,4134
2,4,5,6,20,3,6,0.37,18,4133
2,2,3,10,24,3,2,0.64,4,4131
1,4,2,8,22,4,5,0.76,8,4131
1,4,2,13,11,3,6,0.79,13,4122
3,1,2,7,18,2,3,0.04,16,4121
4,4,2,13,20,4,3,0.87,20,4117
5,3,2,9,10,5,3,0.91,17,4114
4,4,1,10,15,2,4,0.4,7,4113
5,3,4,9,23,3,5,0.42,10,4111
3,2,3,10,20,4,5,0.96,20,4108
3,1,1,6,24,3,2,0.58,18,4104
1,2,1,5,21,2,4,0.96,14,4103
5,1,1,14,22,2,2,0.67,10,4103
5,3,1,8,19,4,3,0.74,7,4097
1,1,1,11,15,5,5,0.74,10,4095
5,5,2,9,24,5,4,0.13,20,4093
3,5,4,8,23,4,4,0.79,12,4091
4,5,4,12,11,4,2,0.92,10,4090
4,5,5,9,22,5,6,0.9,9,4089
2,5,1,7,19,3,2,0.86,9,4089
5,1,1,10,12,3,4,0.03,14,4084
3,3,5,12,23,2,5,0.17,9,4082
3,4,4,13,16,2,3,0.56,17,4079
3,5,1,15,10,2,4,0.19,3,4079
5,4,3,10,24,2,2,0.19,17,4077
1,3,5,12,24,5,5,0.64,10,4076
3,5,3,8,18,4,4,0.65,5,4075
4,4,5,6,25,2,2,0.46,9,4075
3,1,2,6,20,5,4,0.8,5,4072
2,5,3,10,10,3,2,0.82,12,4066
4,2,3,14,19,4,3,0.36,11,4065
1,3,5,7,18,2,6,0.77,19,4055
5,5,1,11,23,2,4,0.63,12,4047
2,4,4,7,17,2,4,0.46,15,4036
1,4,5,7,22,3,3,0.91,7,4035
2,5,2,6,14,4,4,0.21,15,4034
4,2,2,13,10,3,6,0.95,15,4022
3,1,1,9,15,3,5,0.43,9,4022
4,2,5,6,16,2,2,0.77,5,4021
4,2,5,7,24,3,5,0.38,5,4019
1,2,2,6,23,4,5,0.22,13,4018
3,3,4,11,22,5,5,0.84,3,4017
4,5,1,8,21,4,2,0.45,18,4014
2,2,2,8,23,3,3,0.95,10,4011
3,5,5,15,20,3,3,0.38,6,4008
2,3,5,15,22,2,4,0.65,6,4006
3,5,2,10,16,3,2,0.96,20,4000
2,5,4,6,10,4,4,0.79,7,4000
2,5,3,7,17,2,4,0.95,18,3994
1,3,1,6,19,2,6,0.13,18,3989
4,3,5,7,18,3,5,0.24,16,3988
3,5,4,12,11,4,4,0.75,16,3988
1,5,3,5,15,2,4,0.42,12,3988
1,2,5,9,22,2,3,1,14,3987
3,3,3,7,15,3,2,0.79,5,3987
1,3,1,11,12,4,2,0.28,10,3984
2,3,4,13,20,5,3,0.46,18,3975
4,1,3,15,15,2,6,0.94,18,3973
5,3,2,10,23,5,5,0.19,9,3972
5,4,3,8,11,2,4,0.17,15,3972
2,4,2,5,25,2,4,0.66,13,3970
1,2,5,5,18,2,6,0.62,13,3969
5,3,3,9,12,5,2,0.62,9,3967
2,2,5,10,10,3,2,0.88,7,3963
4,4,3,15,20,2,5,0.4,5,3961
5,5,5,15,14,2,6,0.68,20,3953
5,2,3,10,21,3,5,0.35,17,3951
1,3,2,9,16,3,3,0.84,9,3950
3,5,5,15,23,2,4,0.63,8,3944
1,2,1,14,15,2,3,0.72,19,3944
2,5,4,5,25,5,4,0.38,4,3940
4,5,2,11,12,5,3,0.36,15,3940
3,1,1,9,14,2,3,0.25,18,3933
2,4,2,10,20,2,5,0.91,18,3929
5,4,2,10,11,3,3,0.14,16,3924
5,4,5,7,14,4,6,0.52,12,3922
1,4,3,13,15,2,6,0.75,7,3920
5,2,4,5,10,3,2,0.31,17,3920
5,5,2,9,20,2,5,0.39,15,3918
5,5,4,14,23,4,6,0.57,11,3917
4,5,4,7,21,2,3,0.48,5,3914
4,4,5,5,20,5,3,0.58,19,3909
3,4,5,5,19,5,4,0.95,4,3905
3,5,2,14,22,3,2,0.14,6,3903
5,4,3,9,22,2,3,0.49,13,3903
2,5,2,9,22,2,6,0.22,3,3895
5,5,4,15,16,5,5,0.21,13,3889
2,3,1,10,14,5,3,0.83,15,3889
4,2,5,7,16,5,6,0.82,14,3888
1,4,4,6,10,4,5,0.49,8,3888
2,4,1,15,22,5,4,0.06,7,3886
5,3,5,14,12,2,6,0.56,14,3883
4,5,2,14,15,4,2,0.87,5,3880
5,5,3,12,16,4,4,0.06,20,3879
1,3,2,12,12,4,6,0.54,6,3875
4,5,3,7,21,4,2,0.76,6,3875
4,5,5,5,24,4,4,0.7,10,3867
5,3,5,7,15,2,5,0.04,16,3867
3,4,5,7,15,4,5,0.67,14,3865
5,5,3,13,13,3,6,0.87,3,3865
3,5,3,11,17,4,6,0.36,3,3861
3,3,2,13,22,2,4,0.46,16,3860
1,5,3,13,21,2,4,0.7,15,3860
2,2,3,12,17,5,6,0.04,5,3858
1,3,3,14,10,2,4,0.8,12,3858
3,3,3,14,23,2,6,0.15,5,3857
4,2,5,15,10,3,2,0.84,16,3853
1,4,3,11,11,5,6,0.45,3,3852
3,4,4,12,23,3,3,0.3,16,3849
1,2,4,6,18,2,4,0.77,5,3849
3,2,4,10,18,5,4,0.6,18,3848
3,4,2,12,24,4,6,0.87,4,3845
2,5,4,6,15,4,2,0.75,19,3843
4,4,2,12,14,5,6,0.38,13,3842
4,2,4,10,23,3,5,0.99,5,3839
5,3,3,11,19,5,3,0.48,10,3836
5,5,5,8,14,3,4,0.88,5,3833
3,5,1,7,14,5,2,0.37,3,3832
2,2,5,5,22,2,3,0.89,9,3827
3,3,5,7,17,3,6,0.14,11,3826
2,1,2,5,21,3,2,0.22,12,3825
2,3,5,7,11,4,2,0.46,20,3821
3,4,5,6,18,2,5,0.91,14,3821
3,4,3,12,10,4,5,0.15,16,3817
2,4,1,13,22,4,2,0.04,17,3815
4,5,1,5,12,3,2,0.99,5,3814
2,4,2,5,17,3,2,0.61,18,3814
3,2,3,8,20,3,6,0.82,11,3813
2,2,5,10,24,2,3,0.22,11,3810
3,4,5,14,21,2,4,0.36,15,3808
2,3,3,12,18,4,3,0.8,3,3808
3,3,4,14,19,5,3,0.44,4,3807
4,3,1,10,18,3,2,0.01,13,3800
5,5,4,6,25,2,3,0.24,16,3798
1,1,4,13,17,5,2,0.24,9,3796
3,5,3,8,23,3,4,0.31,11,3796
5,2,4,6,15,5,2,0.24,7,3793
4,5,4,8,14,5,4,0.72,10,3792
5,4,5,15,12,3,4,0.08,7,3789
4,3,3,12,13,5,4,0.51,5,3789
1,5,4,9,20,5,2,0.82,10,3785
5,4,4,14,19,2,3,0.15,9,3783
4,3,3,10,17,3,3,0.7,20,3781
2,3,2,14,22,5,4,0.55,19,3776
5,5,4,12,20,5,5,0.45,13,3773
5,3,4,15,18,4,2,0.21,3,3771
1,5,4,11,20,3,4,0.38,11,3769
2,4,4,11,16,3,6,1,10,3764
2,3,4,7,20,5,2,0.76,8,3758
2,1,4,6,10,2,3,0.24,16,3750
3,4,4,15,24,3,2,0.51,7,3749
4,2,5,6,14,2,6,0.25,6,3748
4,4,4,6,10,5,3,0.44,12,3744
2,3,4,13,12,3,3,0.19,19,3743
3,4,2,6,15,3,3,0.04,5,3741
3,4,1,8,23,3,5,0.82,13,3732
4,5,4,6,15,4,6,0.43,7,3729
3,2,2,14,16,5,4,0,20,3726
2,4,1,5,19,4,3,0.06,16,3718
3,3,5,11,20,5,6,0.65,18,3718
4,4,3,10,16,2,6,0.13,7,3717
4,1,3,9,10,2,6,0.02,6,3714
3,2,5,12,24,3,4,0.57,4,3713
2,5,4,12,17,3,5,0.82,19,3711
1,2,5,10,22,5,5,0.72,8,3708
3,5,1,10,20,5,6,0.4,20,3708
5,4,1,12,19,5,6,0.52,20,3707
3,5,5,7,15,3,4,0.05,14,3706
4,3,4,9,19,2,4,0.22,15,3706
1,4,1,5,21,5,4,0.38,19,3704
3,3,3,6,18,3,4,0.8,5,3699
3,5,1,7,11,5,3,0.13,8,3696
1,3,2,7,19,3,2,0.15,4,3692
3,3,5,13,22,3,2,0.69,3,3688
1,5,2,9,13,2,3,0.2,8,3683
3,2,1,14,20,3,2,0.66,18,3664
4,1,3,13,12,2,3,0.52,9,3663
4,2,2,7,24,2,3,0.56,18,3663
3,3,5,10,23,4,6,0.46,7,3662
5,4,4,6,14,3,4,0.39,9,3652
1,3,4,13,13,2,4,0.16,19,3651
2,3,3,12,19,4,5,0.53,13,3646
4,5,5,12,23,2,6,0.38,16,3641
2,3,1,13,11,2,6,0.37,20,3639
1,3,4,15,23,2,2,0.9,3,3628
2,5,1,15,20,5,5,0.24,10,3626
4,5,1,14,18,4,5,0.02,13,3624
2,5,2,8,22,4,2,0.65,6,3623
3,5,4,9,14,2,4,0.17,12,3616
2,5,2,13,23,2,2,0.76,15,3616
4,4,5,7,10,3,3,0.22,15,3613
1,5,2,15,15,3,2,0.24,18,3613
1,4,5,5,20,2,4,0.63,12,3612
3,5,4,9,25,4,5,0.44,8,3612
4,2,3,15,20,4,4,0.57,4,3611
1,3,4,13,20,3,6,0.48,4,3608
5,5,5,12,16,5,4,0.02,18,3605
4,4,1,6,23,3,5,0.48,6,3604
5,1,2,8,17,4,2,0.54,17,3601
2,5,4,7,10,2,3,0.28,5,3600
3,2,1,13,14,3,2,0.06,19,3600
1,4,5,10,23,3,6,0.78,12,3600
5,4,2,8,18,2,5,0.76,7,3599
3,2,2,8,10,4,2,0.37,6,3599
4,2,4,10,24,5,5,0.37,15,3598
1,2,4,8,23,2,5,0.84,9,3595
3,5,4,14,18,3,2,0.29,9,3594
4,2,5,14,19,2,5,0.89,14,3594
4,2,1,11,11,3,3,0.35,14,3594
1,1,2,5,24,4,3,0.83,7,3593
3,1,3,11,24,5,2,0.87,14,3591
1,4,4,14,22,3,6,0.65,19,3590
4,1,2,14,16,4,4,0.99,20,3588
1,3,5,10,18,5,6,0.64,5,3585
5,4,1,10,11,5,2,0.2,17,3584
2,4,1,6,17,3,4,0.14,7,3584
2,1,5,7,14,3,2,0.49,3,3581
2,2,5,12,24,5,3,0.59,10,3579
2,3,3,5,19,3,2,0.28,12,3573
4,3,5,10,14,3,3,0.99,4,3563
2,4,4,14,24,4,5,0.44,16,3558
2,4,2,14,19,5,3,0.1,17,3554
4,3,2,11,10,5,3,0.31,15,3553
2,2,4,6,16,4,6,0.5,14,3552
5,4,3,7,14,2,3,0.75,15,3550
5,2,3,7,11,2,5,0.91,19,3549
2,3,1,15,17,3,6,0.22,20,3548
2,5,1,15,24,4,2,0.22,12,3546
2,4,3,13,25,4,2,0.29,14,3543
2,1,4,10,18,2,6,0.46,18,3543
2,2,2,12,10,5,6,0.89,16,3543
5,3,1,6,11,5,2,0.5,9,3531
1,3,4,11,19,3,6,0.54,7,3528
5,1,5,7,15,4,6,0.9,8,3523
5,1,2,9,17,5,6,0.08,12,3521
2,4,3,8,17,3,2,0.47,15,3517
1,3,4,10,12,4,6,0.42,8,3517
3,4,4,12,15,5,3,0.62,17,3516
3,2,2,6,14,4,5,0.18,16,3513
2,2,2,6,16,5,5,0.54,4,3507
3,2,4,13,21,2,6,0.85,9,3501
5,2,3,6,12,3,2,0.06,13,3497
2,4,5,13,11,3,5,0.29,3,3493
3,5,2,15,17,3,5,0.33,4,3491
3,2,4,6,23,2,2,0.9,17,3488
5,1,5,15,10,4,3,0.95,15,3480
5,1,5,7,15,4,4,0.11,11,3479
1,2,4,8,10,2,3,0.37,13,3477
1,5,5,7,17,2,4,0.52,16,3470
2,2,1,14,12,5,3,0.42,6,3468
1,5,2,13,15,3,2,0.97,17,3465
4,5,5,11,20,2,2,0.18,17,3462
5,5,4,7,16,4,2,0.83,15,3458
3,1,5,15,15,3,6,0.17,3,3455
5,5,4,7,22,2,4,0.37,19,3454
5,4,3,9,20,4,2,0.86,16,3454
5,1,4,13,12,3,6,0.57,8,3450
5,5,2,15,11,3,5,0.41,16,3446
4,1,5,14,15,4,2,0.21,12,3441
5,4,1,8,16,2,4,0.47,10,3438
2,5,1,10,12,3,4,0.71,4,3437
3,4,3,11,13,2,3,0.46,3,3437
5,5,3,15,24,5,2,0.8,19,3437
1,3,3,7,19,2,5,0.51,18,3431
5,3,5,8,24,5,3,0.01,20,3428
5,3,1,11,12,3,2,0.89,13,3428
1,2,1,11,24,4,4,0.25,14,3426